Trade #,Type,Signal,Date/Time,Price USD,Contracts,Profit USD,Profit %,Cum. Profit USD,Cum. Profit %,Run-up USD,Run-up %,Drawdown USD,Drawdown %
406,Exit Long,Open,,,,,,,,,,,
406,Entry Long,buy,2024-10-14 12:00,63422.57,,,,,,,,,
405,Exit Short,exit_short,2024-10-11 21:00,61644.20,3922.896343,-7370733.98,-3.13,230124684.32,-3.10,3629240.76,1.54,7128910.17,3.03
405,Entry Short,enter_short,2024-10-11 00:00,59886.83,3922.896343,-7370733.98,-3.13,230124684.32,-3.10,3629240.76,1.54,7128910.17,3.03
404,Exit Short,exit_short,2024-10-07 09:00,63132.41,7801.220359,-6597294.61,-1.35,237495418.30,-2.70,19394128.07,3.98,6104784.77,1.25
404,Entry Short,enter_short,2024-10-02 00:00,62412.28,7801.220359,-6597294.61,-1.35,237495418.30,-2.70,19394128.07,3.98,6104784.77,1.25
403,Exit Long,sell,2024-09-30 09:00,64565.38,11557.410446,-3917041.48,-0.52,244092712.91,-1.58,18598705.44,2.48,6054522.36,0.81
403,Entry Long,buy,2024-09-26 21:00,64774.96,11557.410446,-3917041.48,-0.52,244092712.91,-1.58,18598705.44,2.48,6054522.36,0.81
402,Exit Long,sell,2024-09-25 18:00,63591.76,12293.309884,-15312187.70,-1.92,248009754.39,-5.82,322342.51,0.04,14530434.49,1.82
402,Entry Long,buy,2024-09-25 09:00,64709.03,12293.309884,-15312187.70,-1.92,248009754.39,-5.82,322342.51,0.04,14530434.49,1.82
401,Exit Long,sell,2024-09-24 09:00,63165.10,8288.157551,14617972.33,2.88,263321942.09,5.88,28145033.66,5.54,9523813.60,1.87
401,Entry Long,buy,2024-09-19 03:00,61276.94,8288.157551,14617972.33,2.88,263321942.09,5.88,28145033.66,5.54,9523813.60,1.87
400,Exit Long,sell,2024-09-18 18:00,59412.91,8635.320614,-11420801.82,-2.18,248703969.76,-4.39,5404627.40,1.03,10907752.30,2.08
400,Entry Long,buy,2024-09-18 00:00,60615.45,8635.320614,-11420801.82,-2.18,248703969.76,-4.39,5404627.40,1.03,10907752.30,2.08
399,Exit Long,sell,2024-09-16 21:00,58114.95,4547.849109,62532.70,0.02,260124771.58,0.02,11812423.65,4.47,11258769.41,4.27
399,Entry Long,buy,2024-09-11 03:00,57985.10,4547.849109,62532.70,0.02,260124771.58,0.02,11812423.65,4.47,11258769.41,4.27
398,Exit Short,exit_short,2024-09-10 00:00,56212.09,3590.028788,5683871.65,2.73,260062238.89,2.23,18967883.18,9.11,6991399.59,3.36
398,Entry Short,enter_short,2024-08-31 00:00,57909.45,3590.028788,5683871.65,2.73,260062238.89,2.23,18967883.18,9.11,6991399.59,3.36
397,Exit Long,sell,2024-08-27 18:00,62569.53,8199.308175,5341740.96,1.05,254378367.24,2.14,25766623.74,5.08,7570205.43,1.49
397,Entry Long,buy,2024-08-23 21:00,61793.68,8199.308175,5341740.96,1.05,254378367.24,2.14,25766623.74,5.08,7570205.43,1.49
396,Exit Long,sell,2024-08-22 09:00,59838.68,8794.293576,-14535727.37,-2.69,249036626.27,-5.51,3403212.83,0.63,14009488.45,2.59
396,Entry Long,buy,2024-08-22 03:00,61370.33,8794.293576,-14535727.37,-2.69,249036626.27,-5.51,3403212.83,0.63,14009488.45,2.59
395,Exit Long,sell,2024-08-21 00:00,58783.74,4554.885281,-7195207.07,-2.62,263572353.65,-2.66,4968038.97,1.81,6927453.88,2.52
395,Entry Long,buy,2024-08-20 09:00,60244.38,4554.885281,-7195207.07,-2.62,263572353.65,-2.66,4968038.97,1.81,6927453.88,2.52
394,Exit Long,sell,2024-08-12 03:00,58660.12,2387.798179,-5988403.11,-4.10,270767560.72,-2.16,3830462.07,2.63,5848334.58,4.01
394,Entry Long,buy,2024-08-09 06:00,61048.33,2387.798179,-5988403.11,-4.10,270767560.72,-2.16,3830462.07,2.63,5848334.58,4.01
393,Exit Short,exit_short,2024-08-05 15:00,50787.08,3564.794642,44854025.27,19.80,276755963.82,19.34,45035070.78,19.88,7805095.95,3.45
393,Entry Short,enter_short,2024-08-02 00:00,63483.85,3564.794642,44854025.27,19.80,276755963.82,19.34,45035070.78,19.88,7805095.95,3.45
392,Exit Long,sell,2024-07-30 00:00,66749.35,3498.491617,-5645927.14,-2.36,231901938.56,-2.38,6015452.76,2.52,5695013.25,2.38
392,Entry Long,buy,2024-07-27 15:00,68228.19,3498.491617,-5645927.14,-2.36,231901938.56,-2.38,6015452.76,2.52,5695013.25,2.38
391,Exit Long,sell,2024-07-24 00:00,65869.75,6665.026666,42234624.59,10.66,237547865.69,21.62,60056704.28,15.15,1695700.89,0.43
391,Entry Long,buy,2024-07-14 06:00,59407.72,6665.026666,42234624.59,10.66,237547865.69,21.62,60056704.28,15.15,1695700.89,0.43
390,Exit Short,exit_short,2024-07-10 12:00,58622.43,3260.506323,-704549.51,-0.37,195313241.10,-0.36,16050613.52,8.40,2018069.16,1.06
390,Entry Short,enter_short,2024-07-04 09:00,58523.49,3260.506323,-704549.51,-0.37,195313241.10,-0.36,16050613.52,8.40,2018069.16,1.06
389,Exit Short,exit_short,2024-07-01 06:00,62454.56,2780.774989,9845422.19,5.35,196017790.61,5.29,21014473.23,11.42,3310773.10,1.80
389,Entry Short,enter_short,2024-06-15 00:00,66123.67,2780.774989,9845422.19,5.35,196017790.61,5.29,21014473.23,11.42,3310773.10,1.80
388,Exit Short,exit_short,2024-06-12 21:00,68992.86,2840.747871,-5539236.68,-2.90,186172368.42,-2.89,2872737.22,1.50,5343245.36,2.80
388,Entry Short,enter_short,2024-06-11 18:00,67179.11,2840.747871,-5539236.68,-2.90,186172368.42,-2.89,2872737.22,1.50,5343245.36,2.80
387,Exit Long,sell,2024-06-08 03:00,69606.80,8300.952452,665367.41,0.12,191711605.10,0.35,20553260.79,3.56,7469177.51,1.30
387,Entry Long,buy,2024-06-03 21:00,69387.65,8300.952452,665367.41,0.12,191711605.10,0.35,20553260.79,3.56,7469177.51,1.30
386,Exit Long,sell,2024-05-28 09:00,68531.98,5875.276261,-13005913.93,-3.13,191046237.69,-6.37,0,0.00,12603269.61,3.04
386,Entry Long,buy,2024-05-28 00:00,70606.51,5875.276261,-13005913.93,-3.13,191046237.69,-6.37,0,0.00,12603269.61,3.04
385,Exit Long,sell,2024-05-23 21:00,68939.51,5575.265251,30000693.99,8.48,204052151.62,17.24,47195311.07,13.33,0,0.00
385,Entry Long,buy,2024-05-15 21:00,63426.11,5575.265251,30000693.99,8.48,204052151.62,17.24,47195311.07,13.33,0,0.00
384,Exit Long,sell,2024-05-08 09:00,62164.22,2278.841642,-5661157.61,-3.85,174051457.63,-3.15,2060661.33,1.40,5519495.20,3.75
384,Entry Long,buy,2024-05-06 00:00,64521.76,2278.841642,-5661157.61,-3.85,174051457.63,-3.15,2060661.33,1.40,5519495.20,3.75
383,Exit Short,exit_short,2024-05-03 21:00,61860.96,2846.428823,-487122.06,-0.28,179712615.24,-0.27,14842294.63,8.43,1045958.70,0.59
383,Entry Short,enter_short,2024-04-30 15:00,61813.50,2846.428823,-487122.06,-0.28,179712615.24,-0.27,14842294.63,8.43,1045958.70,0.59
382,Exit Short,exit_short,2024-04-21 00:00,65435.39,1532.531306,-7294293.29,-7.82,180199737.30,-3.89,1681091.84,1.80,7229520.26,7.75
382,Entry Short,enter_short,2024-04-17 21:00,60801.99,1532.531306,-7294293.29,-7.82,180199737.30,-3.89,1681091.84,1.80,7229520.26,7.75
381,Exit Short,exit_short,2024-04-15 18:00,66742.08,2476.250033,-4330013.92,-2.68,187494030.59,-2.26,10601357.97,6.57,4164743.84,2.58
381,Entry Short,enter_short,2024-04-14 03:00,65125.33,2476.250033,-4330013.92,-2.68,187494030.59,-2.26,10601357.97,6.57,4164743.84,2.58
380,Exit Long,sell,2024-04-09 21:00,69391.93,2800.8394,-1187356.26,-0.61,191824044.51,-0.62,8421264.81,4.31,2352556.06,1.20
380,Entry Long,buy,2024-04-07 09:00,69676.79,2800.8394,-1187356.26,-0.61,191824044.51,-0.62,8421264.81,4.31,2352556.06,1.20
379,Exit Long,sell,2024-03-31 00:00,70077.91,2815.28537,4931913.42,2.57,193011400.77,2.62,9770482.19,5.08,0,0.00
379,Entry Long,buy,2024-03-25 21:00,68187.81,2815.28537,4931913.42,2.57,193011400.77,2.62,9770482.19,5.08,0,0.00
378,Exit Short,exit_short,2024-03-21 03:00,67259.17,2098.827303,-5369077.92,-3.94,188079487.35,-2.78,8410477.16,6.17,8639136.55,6.34
378,Entry Short,enter_short,2024-03-17 06:00,64833.13,2098.827303,-5369077.92,-3.94,188079487.35,-2.78,8410477.16,6.17,8639136.55,6.34
377,Exit Long,sell,2024-03-15 00:00,70529.81,2778.998125,-7103653.72,-3.50,193448565.27,-3.54,2194845.69,1.08,6907651.51,3.40
377,Entry Long,buy,2024-03-13 15:00,72942.53,2778.998125,-7103653.72,-3.50,193448565.27,-3.54,2194845.69,1.08,6907651.51,3.40
376,Exit Long,sell,2024-03-13 00:00,69608.34,2104.277844,834343.01,0.57,200552218.99,0.42,8049487.39,5.53,6134144.91,4.22
376,Entry Long,buy,2024-03-09 00:00,69073.16,2104.277844,834343.01,0.57,200552218.99,0.42,8049487.39,5.53,6134144.91,4.22
375,Exit Long,sell,2024-03-05 00:00,67373.00,7094.877554,108041657.56,29.24,199717875.98,117.85,108519660.75,29.37,0,0.00
375,Entry Long,buy,2024-02-27 00:00,52025.48,7094.877554,108041657.56,29.24,199717875.98,117.85,108519660.75,29.37,0,0.00
374,Exit Long,sell,2024-02-21 00:00,51834.96,5614.029125,-6193332.03,-2.09,91676218.42,-6.33,555881.63,0.19,5902329.06,1.99
374,Entry Long,buy,2024-02-20 21:00,52833.48,5614.029125,-6193332.03,-2.09,91676218.42,-6.33,555881.63,0.19,5902329.06,1.99
373,Exit Long,sell,2024-02-20 00:00,51771.54,5173.881591,42235147.45,18.74,97869550.45,75.92,48126706.13,21.36,697403.59,0.31
373,Entry Long,buy,2024-02-08 00:00,43513.11,5173.881591,42235147.45,18.74,97869550.45,75.92,48126706.13,21.36,697403.59,0.31
372,Exit Long,sell,2024-02-01 03:00,42630.63,1315.417074,972570.11,1.77,55634403.00,1.78,2625602.96,4.77,597247.80,1.08
372,Entry Long,buy,2024-01-27 00:00,41806.83,1315.417074,972570.11,1.77,55634403.00,1.78,2625602.96,4.77,597247.80,1.08
371,Exit Short,exit_short,2024-01-26 18:00,41001.51,719.820714,335420.94,1.12,54661832.89,0.62,2155380.73,7.20,457899.58,1.53
371,Entry Short,enter_short,2024-01-19 00:00,41550.04,719.820714,335420.94,1.12,54661832.89,0.62,2155380.73,7.20,457899.58,1.53
370,Exit Long,sell,2024-01-12 00:00,46103.95,1203.862912,-2335908.41,-4.04,54326411.95,-4.12,1164400.00,2.02,2280405.57,3.95
370,Entry Long,buy,2024-01-11 21:00,47950.24,1203.862912,-2335908.41,-4.04,54326411.95,-4.12,1164400.00,2.02,2280405.57,3.95
369,Exit Long,sell,2024-01-10 15:00,45574.59,1247.672883,951992.04,1.70,56662320.36,1.71,4004080.13,7.17,79665.51,0.14
369,Entry Long,buy,2024-01-08 21:00,44721.28,1247.672883,951992.04,1.70,56662320.36,1.71,4004080.13,7.17,79665.51,0.14
368,Exit Short,exit_short,2024-01-04 00:00,43362.65,1245.983433,-2556842.72,-4.95,55710328.32,-4.39,591698.42,1.15,2502813.58,4.85
368,Entry Short,enter_short,2024-01-03 21:00,41395.34,1245.983433,-2556842.72,-4.95,55710328.32,-4.39,591698.42,1.15,2502813.58,4.85
367,Exit Long,sell,2024-01-03 18:00,43644.28,2752.62588,-640822.12,-0.53,58267171.04,-1.09,5672584.85,4.70,1262656.05,1.05
367,Entry Long,buy,2024-01-02 03:00,43789.65,2752.62588,-640822.12,-0.53,58267171.04,-1.09,5672584.85,4.70,1262656.05,1.05
366,Exit Short,exit_short,2023-12-31 18:00,42859.60,2902.317894,-3545361.89,-2.92,58907993.16,-5.68,895531.61,0.74,3420969.71,2.82
366,Entry Short,enter_short,2023-12-30 00:00,41722.62,2902.317894,-3545361.89,-2.92,58907993.16,-5.68,895531.61,0.74,3420969.71,2.82
365,Exit Long,sell,2023-12-25 06:00,43307.92,2942.23556,-587413.68,-0.46,62453355.05,-0.93,2738012.52,2.14,681894.98,0.53
365,Entry Long,buy,2023-12-20 21:00,43420.84,2942.23556,-587413.68,-0.46,62453355.05,-0.93,2738012.52,2.14,681894.98,0.53
364,Exit Long,sell,2023-12-20 00:00,41991.35,3179.533529,-4711143.54,-3.41,63040768.73,-6.95,46969.09,0.03,4577630.64,3.31
364,Entry Long,buy,2023-12-19 09:00,43387.68,3179.533529,-4711143.54,-3.41,63040768.73,-6.95,46969.09,0.03,4577630.64,3.31
363,Exit Long,sell,2023-12-11 03:00,43792.67,3746.892831,19891975.95,13.81,67751912.27,41.56,23513582.68,16.33,785204.67,0.55
363,Entry Long,buy,2023-12-01 18:00,38401.55,3746.892831,19891975.95,13.81,67751912.27,41.56,23513582.68,16.33,785204.67,0.55
362,Exit Long,sell,2023-11-30 00:00,37594.89,4015.314571,-3475171.56,-2.25,47859936.33,-6.77,15160.26,0.01,3324216.25,2.15
362,Entry Long,buy,2023-11-29 18:00,38384.39,4015.314571,-3475171.56,-2.25,47859936.33,-6.77,15160.26,0.01,3324216.25,2.15
361,Exit Long,sell,2023-11-27 12:00,37326.59,2800.660719,-1356478.90,-1.28,51335107.89,-2.57,1780615.64,1.68,2443200.82,2.31
361,Entry Long,buy,2023-11-23 06:00,37735.87,2800.660719,-1356478.90,-1.28,51335107.89,-2.57,1780615.64,1.68,2443200.82,2.31
360,Exit Long,sell,2023-11-16 21:00,36479.28,3071.927407,-3389281.71,-2.94,52691586.79,-6.04,1310611.41,1.14,3277220.01,2.84
360,Entry Long,buy,2023-11-16 03:00,37508.60,3071.927407,-3389281.71,-2.94,52691586.79,-6.04,1310611.41,1.14,3277220.01,2.84
359,Exit Long,sell,2023-11-10 00:00,36248.16,4611.267883,1314722.87,0.79,56080868.51,2.40,9439906.74,5.70,1639494.38,0.99
359,Entry Long,buy,2023-11-09 06:00,35890.91,4611.267883,1314722.87,0.79,56080868.51,2.40,9439906.74,5.70,1639494.38,0.99
358,Exit Long,sell,2023-11-09 00:00,35145.81,4832.124005,-1380715.89,-0.81,54766145.63,-2.46,2510331.72,1.47,1210886.98,0.71
358,Entry Long,buy,2023-11-08 03:00,35361.04,4832.124005,-1380715.89,-0.81,54766145.63,-2.46,2510331.72,1.47,1210886.98,0.71
357,Exit Long,sell,2023-11-02 21:00,34947.59,5004.400922,-1440631.61,-0.82,56146861.52,-2.50,3755826.16,2.13,1265739.85,0.72
357,Entry Long,buy,2023-11-02 03:00,35165.35,5004.400922,-1440631.61,-0.82,56146861.52,-2.50,3755826.16,2.13,1265739.85,0.72
356,Exit Long,sell,2023-11-02 00:00,34198.70,5348.329225,-3795217.04,-2.03,57587493.13,-6.18,1691359.54,0.91,3612311.14,1.94
356,Entry Long,buy,2023-11-01 21:00,34839.27,5348.329225,-3795217.04,-2.03,57587493.13,-6.18,1691359.54,0.91,3612311.14,1.94
355,Exit Long,sell,2023-10-29 09:00,34010.34,1769.395089,7062017.62,13.31,61382710.17,13.00,9108182.09,17.17,1143409.95,2.16
355,Entry Long,buy,2023-10-20 18:00,29955.17,1769.395089,7062017.62,13.31,61382710.17,13.00,9108182.09,17.17,1143409.95,2.16
354,Exit Long,sell,2023-10-17 00:00,28202.73,6279.536742,-526745.82,-0.30,54320692.55,-0.96,10811854.05,6.09,365281.78,0.21
354,Entry Long,buy,2023-10-16 21:00,28230.18,6279.536742,-526745.82,-0.30,54320692.55,-0.96,10811854.05,6.09,365281.78,0.21
353,Exit Short,exit_short,2023-10-16 12:00,27372.51,4186.357828,-1852533.92,-1.64,54847438.37,-3.27,1756326.35,1.55,1737942.80,1.54
353,Entry Short,enter_short,2023-10-12 00:00,26984.35,4186.357828,-1852533.92,-1.64,54847438.37,-3.27,1756326.35,1.55,1737942.80,1.54
352,Exit Long,sell,2023-10-03 06:00,27419.28,7889.618907,4496416.66,2.12,56699972.29,8.61,13908174.06,6.57,1026637.84,0.49
352,Entry Long,buy,2023-09-28 21:00,26795.15,7889.618907,4496416.66,2.12,56699972.29,8.61,13908174.06,6.57,1026637.84,0.49
351,Exit Long,sell,2023-09-27 21:00,26411.40,8342.370329,-3568593.82,-1.60,52203555.63,-6.40,61683.74,0.03,3348260.14,1.50
351,Entry Long,buy,2023-09-27 21:00,26785.97,8342.370329,-3568593.82,-1.60,52203555.63,-6.40,61683.74,0.03,3348260.14,1.50
350,Exit Short,exit_short,2023-09-27 18:00,26715.97,6739.25382,-3766272.50,-2.13,55772149.45,-6.33,1307414.97,0.74,3586226.80,2.03
350,Entry Short,enter_short,2023-09-25 06:00,26210.04,6739.25382,-3766272.50,-2.13,55772149.45,-6.33,1307414.97,0.74,3586226.80,2.03
349,Exit Long,sell,2023-09-21 03:00,26925.84,7003.693481,-3653469.77,-1.90,59538421.95,-5.78,487084.68,0.25,3626884.87,1.89
349,Entry Long,buy,2023-09-19 18:00,27393.17,7003.693481,-3653469.77,-1.90,59538421.95,-5.78,487084.68,0.25,3626884.87,1.89
348,Exit Long,sell,2023-09-19 00:00,26753.55,4731.037231,1391162.02,1.11,63191891.72,2.25,4662076.02,3.73,3136944.23,2.51
348,Entry Long,buy,2023-09-13 00:00,26406.34,4731.037231,1391162.02,1.11,63191891.72,2.25,4662076.02,3.73,3136944.23,2.51
347,Exit Short,exit_short,2023-09-12 12:00,25651.49,2318.848141,-702821.86,-1.19,61800729.70,-1.12,1053709.06,1.79,2451693.68,4.16
347,Entry Short,enter_short,2023-09-02 00:00,25399.45,2318.848141,-702821.86,-1.19,61800729.70,-1.12,1053709.06,1.79,2451693.68,4.16
346,Exit Long,sell,2023-09-01 00:00,27007.24,10912.056167,5843454.64,2.02,62503551.56,10.31,18425789.12,6.39,0,0.00
346,Entry Long,buy,2023-08-29 21:00,26418.31,10912.056167,5843454.64,2.02,62503551.56,10.31,18425789.12,6.39,0,0.00
345,Exit Short,exit_short,2023-08-29 00:00,26121.36,3361.349994,8424404.33,8.73,56660096.93,17.47,11016110.59,11.41,41251.90,0.04
345,Entry Short,enter_short,2023-08-17 09:00,28682.42,3361.349994,8424404.33,8.73,56660096.93,17.47,11016110.59,11.41,41251.90,0.04
344,Exit Long,sell,2023-08-10 00:00,29439.81,8255.572389,107918.99,0.04,48235692.60,0.22,6611987.57,2.72,565241.95,0.23
344,Entry Long,buy,2023-08-08 18:00,29367.93,8255.572389,107918.99,0.04,48235692.60,0.22,6611987.57,2.72,565241.95,0.23
343,Exit Long,sell,2023-08-02 21:00,29333.63,11210.988489,-2963206.64,-0.89,48127773.61,-5.80,5069395.20,1.53,2634347.65,0.79
343,Entry Long,buy,2023-08-02 06:00,29539.07,11210.988489,-2963206.64,-0.89,48127773.61,-5.80,5069395.20,1.53,2634347.65,0.79
342,Exit Short,exit_short,2023-08-02 06:00,29456.20,5605.494244,-3525417.64,-2.18,51090980.24,-6.45,1301900.59,0.80,3360301.08,2.07
342,Entry Short,enter_short,2023-08-01 09:00,28885.62,5605.494244,-3525417.64,-2.18,51090980.24,-6.45,1301900.59,0.80,3360301.08,2.07
341,Exit Short,exit_short,2023-07-27 03:00,29629.58,3572.035044,958316.17,0.89,54616397.89,1.79,3803762.07,3.55,1737107.25,1.62
341,Entry Short,enter_short,2023-07-18 03:00,29957.45,3572.035044,958316.17,0.89,54616397.89,1.79,3803762.07,3.55,1737107.25,1.62
340,Exit Long,sell,2023-07-15 00:00,30905.90,7176.823525,-1206194.02,-0.54,53658081.71,-2.20,5627332.61,2.53,984387.83,0.44
340,Entry Long,buy,2023-07-14 00:00,31012.05,7176.823525,-1206194.02,-0.54,53658081.71,-2.20,5627332.61,2.53,984387.83,0.44
339,Exit Long,sell,2023-07-06 18:00,30794.28,5587.879266,-3496515.65,-1.99,54864275.73,-5.99,677039.41,0.39,3324440.93,1.90
339,Entry Long,buy,2023-07-06 18:00,31357.86,5587.879266,-3496515.65,-1.99,54864275.73,-5.99,677039.41,0.39,3324440.93,1.90
338,Exit Long,sell,2023-07-05 18:00,30434.55,3987.263589,-3467192.80,-2.78,58360791.38,-5.61,435319.71,0.35,3345842.22,2.68
338,Entry Long,buy,2023-07-04 03:00,31242.44,3987.263589,-3467192.80,-2.78,58360791.38,-5.61,435319.71,0.35,3345842.22,2.68
337,Exit Long,sell,2023-06-30 21:00,30576.25,6363.328326,-3204791.93,-1.62,61827984.18,-4.93,1388043.69,0.70,3010225.22,1.52
337,Entry Long,buy,2023-06-30 12:00,31018.29,6363.328326,-3204791.93,-1.62,61827984.18,-4.93,1388043.69,0.70,3010225.22,1.52
336,Exit Long,sell,2023-06-27 00:00,30394.67,3804.84707,15012263.86,14.93,65032776.12,30.01,19009235.43,18.91,935430.48,0.93
336,Entry Long,buy,2023-06-17 03:00,26392.32,3804.84707,15012263.86,14.93,65032776.12,30.01,19009235.43,18.91,935430.48,0.93
335,Exit Short,exit_short,2023-06-17 00:00,26049.25,1977.610824,-1415720.29,-2.82,50020512.26,-2.75,1189800.26,2.37,1364205.01,2.71
335,Entry Short,enter_short,2023-06-15 03:00,25384.81,1977.610824,-1415720.29,-2.82,50020512.26,-2.75,1189800.26,2.37,1364205.01,2.71
334,Exit Short,exit_short,2023-06-07 03:00,26885.87,1961.140741,-1131476.31,-2.19,51436232.55,-2.15,1910146.83,3.69,1078749.33,2.08
334,Entry Short,enter_short,2023-06-06 00:00,26362.17,1961.140741,-1131476.31,-2.19,51436232.55,-2.15,1910146.83,3.69,1078749.33,2.08
333,Exit Long,sell,2023-05-31 12:00,27409.55,3860.856205,67731.73,0.06,52567708.85,0.13,4221200.49,4.00,150640.03,0.14
333,Entry Long,buy,2023-05-29 00:00,27337.26,3860.856205,67731.73,0.06,52567708.85,0.13,4221200.49,4.00,150640.03,0.14
332,Exit Short,exit_short,2023-05-26 21:00,26660.82,6112.652582,-1976229.08,-1.22,52499977.12,-3.63,2981259.43,1.85,1813260.75,1.12
332,Entry Short,enter_short,2023-05-24 21:00,26390.57,6112.652582,-1976229.08,-1.22,52499977.12,-3.63,2981259.43,1.85,1813260.75,1.12
331,Exit Long,sell,2023-05-24 12:00,27023.27,6353.635642,-2992963.56,-1.71,54476206.20,-5.21,82725.16,0.05,2821267.54,1.62
331,Entry Long,buy,2023-05-23 12:00,27439.87,6353.635642,-2992963.56,-1.71,54476206.20,-5.21,82725.16,0.05,2821267.54,1.62
330,Exit Short,exit_short,2023-05-18 03:00,27452.96,2017.89986,374871.63,0.67,57469169.75,0.66,3711091.62,6.63,1336119.86,2.39
330,Entry Short,enter_short,2023-05-08 15:00,27693.88,2017.89986,374871.63,0.67,57469169.75,0.66,3711091.62,6.63,1336119.86,2.39
329,Exit Long,sell,2023-05-06 21:00,28766.66,4136.667981,-3968447.15,-3.23,57094298.12,-6.50,592422.32,0.48,3849449.03,3.13
329,Entry Long,buy,2023-05-06 06:00,29667.56,4136.667981,-3968447.15,-3.23,57094298.12,-6.50,592422.32,0.48,3849449.03,3.13
328,Exit Short,exit_short,2023-04-26 15:00,28741.89,2191.381299,-1299878.19,-2.10,61062745.27,-2.08,2627300.38,4.25,1236893.75,2.00
328,Entry Short,enter_short,2023-04-21 03:00,28205.66,2191.381299,-1299878.19,-2.10,61062745.27,-2.08,2627300.38,4.25,1236893.75,2.00
327,Exit Long,sell,2023-04-16 09:00,30318.47,7067.281848,12322692.99,6.11,62362623.46,24.63,17659045.35,8.75,0,0.00
327,Entry Long,buy,2023-04-11 00:00,28516.01,7067.281848,12322692.99,6.11,62362623.46,24.63,17659045.35,8.75,0,0.00
326,Exit Long,sell,2023-03-31 00:00,27866.12,3779.063497,-2022143.32,-1.89,50039930.47,-3.88,3029958.64,2.83,1916835.48,1.79
326,Entry Long,buy,2023-03-29 15:00,28345.00,3779.063497,-2022143.32,-1.89,50039930.47,-3.88,3029958.64,2.83,1916835.48,1.79
325,Exit Long,sell,2023-03-23 03:00,27574.23,4424.727643,15767767.53,14.86,52062073.79,43.44,21802274.05,20.55,127162.87,0.12
325,Entry Long,buy,2023-03-14 00:00,23959.14,4424.727643,15767767.53,14.86,52062073.79,43.44,21802274.05,20.55,127162.87,0.12
324,Exit Short,exit_short,2023-03-13 03:00,21539.89,1401.149302,1682269.26,5.26,36294306.26,4.86,4473961.01,14.00,0,0.00
324,Entry Short,enter_short,2023-03-03 09:00,22784.85,1401.149302,1682269.26,5.26,36294306.26,4.86,4473961.01,14.00,0,0.00
323,Exit Long,sell,2023-02-22 00:00,24316.53,4148.094312,2951727.50,3.02,34612037.01,9.32,6942470.20,7.10,928538.76,0.95
323,Entry Long,buy,2023-02-16 03:00,23557.07,4148.094312,2951727.50,3.02,34612037.01,9.32,6942470.20,7.10,928538.76,0.95
322,Exit Short,exit_short,2023-02-15 18:00,22400.65,1382.698104,119116.15,0.38,31660309.51,0.38,1567576.28,5.03,427836.84,1.37
322,Entry Short,enter_short,2023-02-09 12:00,22531.73,1382.698104,119116.15,0.38,31660309.51,0.38,1567576.28,5.03,427836.84,1.37
321,Exit Long,sell,2023-02-03 06:00,23394.43,2795.863237,-1631400.29,-2.44,31541193.36,-4.92,848822.37,1.27,1565992.66,2.34
321,Entry Long,buy,2023-02-02 09:00,23930.61,2795.863237,-1631400.29,-2.44,31541193.36,-4.92,848822.37,1.27,1565992.66,2.34
320,Exit Long,sell,2023-01-30 18:00,23163.00,2982.997952,-2019925.70,-2.84,33172593.65,-5.74,413523.49,0.58,1950830.52,2.75
320,Entry Long,buy,2023-01-30 03:00,23793.19,2982.997952,-2019925.70,-2.84,33172593.65,-5.74,413523.49,0.58,1950830.52,2.75
319,Exit Long,sell,2023-01-26 09:00,23056.80,2914.133858,4071039.38,6.46,35192519.35,13.08,6357022.36,10.08,0,0.00
319,Entry Long,buy,2023-01-21 03:00,21615.13,2914.133858,4071039.38,6.46,35192519.35,13.08,6357022.36,10.08,0,0.00
318,Exit Long,sell,2023-01-19 09:00,20674.13,4420.033679,16258730.52,21.67,31121479.97,109.39,20619863.40,27.48,376799.38,0.50
318,Entry Long,buy,2023-01-07 03:00,16958.08,4420.033679,16258730.52,21.67,31121479.97,109.39,20619863.40,27.48,376799.38,0.50
317,Exit Long,sell,2023-01-06 18:00,16753.21,4491.503349,-87909.95,-0.12,14862749.45,-0.59,1019799.02,1.36,688499.36,0.91
317,Entry Long,buy,2023-01-02 15:00,16739.29,4491.503349,-87909.95,-0.12,14862749.45,-0.59,1019799.02,1.36,688499.36,0.91
316,Exit Short,exit_short,2022-12-26 18:00,16867.30,894.777999,-153782.21,-1.03,14950659.40,-1.02,392253.65,2.62,270105.77,1.80
316,Entry Short,enter_short,2022-12-17 06:00,16729.03,894.777999,-153782.21,-1.03,14950659.40,-1.02,392253.65,2.62,270105.77,1.80
315,Exit Long,sell,2022-12-15 09:00,17634.33,3309.121849,902725.46,1.57,15104441.61,6.36,3379054.94,5.89,0,0.00
315,Entry Long,buy,2022-12-13 18:00,17326.57,3309.121849,902725.46,1.57,15104441.61,6.36,3379054.94,5.89,0,0.00
314,Exit Long,sell,2022-12-06 00:00,17079.99,2421.38834,937491.18,2.32,14201716.15,7.07,1805098.81,4.47,0,0.00
314,Entry Long,buy,2022-11-30 09:00,16659.08,2421.38834,937491.18,2.32,14201716.15,7.07,1805098.81,4.47,0,0.00
313,Exit Long,sell,2022-11-28 06:00,16440.80,817.095431,-297351.08,-2.17,13264224.98,-2.19,0,0.00,364581.04,2.66
313,Entry Long,buy,2022-11-24 09:00,16771.50,817.095431,-297351.08,-2.17,13264224.98,-2.19,0,0.00,364581.04,2.66
312,Exit Short,exit_short,2022-11-23 09:00,16288.65,558.983505,1650312.04,15.30,13561576.05,13.85,2111763.35,19.58,0,0.00
312,Entry Short,enter_short,2022-11-09 03:00,19276.56,558.983505,1650312.04,15.30,13561576.05,13.85,2111763.35,19.58,0,0.00
311,Exit Short,exit_short,2022-11-09 00:00,20370.15,593.087759,-216889.24,-1.82,11911264.01,-1.79,457427.91,3.84,204807.95,1.72
311,Entry Short,enter_short,2022-11-08 12:00,20044.87,593.087759,-216889.24,-1.82,11911264.01,-1.79,457427.91,3.84,204807.95,1.72
310,Exit Long,sell,2022-11-07 15:00,20768.37,1209.357044,-661011.92,-2.57,12128153.25,-5.17,215056.44,0.84,635895.55,2.47
310,Entry Long,buy,2022-11-05 09:00,21272.91,1209.357044,-661011.92,-2.57,12128153.25,-5.17,215056.44,0.84,635895.55,2.47
309,Exit Long,sell,2022-11-05 00:00,20681.32,1912.93532,-318480.09,-0.80,12789165.18,-2.43,900578.73,2.26,278918.06,0.70
309,Entry Long,buy,2022-11-04 21:00,20806.32,1912.93532,-318480.09,-0.80,12789165.18,-2.43,900578.73,2.26,278918.06,0.70
308,Exit Long,sell,2022-10-31 06:00,20538.32,641.482727,-315922.29,-2.34,13107645.26,-2.35,36744.59,0.27,302747.31,2.25
308,Entry Long,buy,2022-10-29 18:00,20989.28,641.482727,-315922.29,-2.34,13107645.26,-2.35,36744.59,0.27,302747.31,2.25
307,Exit Long,sell,2022-10-28 15:00,20056.98,1958.013411,697663.81,1.81,13423567.55,5.48,2611341.89,6.78,0,0.00
307,Entry Long,buy,2022-10-26 00:00,19660.95,1958.013411,697663.81,1.81,13423567.55,5.48,2611341.89,6.78,0,0.00
306,Exit Long,sell,2022-10-24 21:00,19184.24,2079.691568,-578961.72,-1.43,12725903.74,-4.35,504337.64,1.25,539064.41,1.33
306,Entry Long,buy,2022-10-24 00:00,19424.02,2079.691568,-578961.72,-1.43,12725903.74,-4.35,504337.64,1.25,539064.41,1.33
305,Exit Short,exit_short,2022-10-14 03:00,19293.41,708.936027,-267373.75,-1.99,13304865.46,-1.97,546643.19,4.06,253695.95,1.89
305,Entry Short,enter_short,2022-10-11 21:00,18954.51,708.936027,-267373.75,-1.99,13304865.46,-1.97,546643.19,4.06,253695.95,1.89
304,Exit Long,sell,2022-10-07 21:00,19711.92,1454.873264,-698723.60,-2.38,13572239.20,-4.90,433359.72,1.48,670045.26,2.28
304,Entry Long,buy,2022-10-04 15:00,20152.32,1454.873264,-698723.60,-2.38,13572239.20,-4.90,433359.72,1.48,670045.26,2.28
303,Exit Long,sell,2022-09-28 00:00,19468.67,1494.220128,-94108.02,-0.32,14270962.81,-0.66,1295350.35,4.44,65017.54,0.22
303,Entry Long,buy,2022-09-27 09:00,19492.69,1494.220128,-94108.02,-0.32,14270962.81,-0.66,1295350.35,4.44,65017.54,0.22
302,Exit Short,exit_short,2022-09-26 15:00,19144.73,384.401594,-54579.51,-0.74,14365070.82,-0.38,334651.98,4.57,341571.93,4.66
302,Entry Short,enter_short,2022-09-19 09:00,19040.93,384.401594,-54579.51,-0.74,14365070.82,-0.38,334651.98,4.57,341571.93,4.66
301,Exit Short,exit_short,2022-09-09 12:00,19530.71,522.105037,1632449.99,13.76,14419650.34,12.77,2162266.89,18.23,0,0.00
301,Entry Short,enter_short,2022-08-19 15:00,22699.61,522.105037,1632449.99,13.76,14419650.34,12.77,2162266.89,18.23,0,0.00
300,Exit Long,sell,2022-08-15 15:00,24037.14,536.753741,-484306.27,-3.62,12787200.35,-3.65,156903.59,1.17,471404.24,3.52
300,Entry Long,buy,2022-08-13 15:00,24890.50,536.753741,-484306.27,-3.62,12787200.35,-3.65,156903.59,1.17,471404.24,3.52
299,Exit Long,sell,2022-08-12 09:00,23807.05,1152.052394,-531115.84,-1.90,13271506.61,-3.85,773303.60,2.77,503688.87,1.80
299,Entry Long,buy,2022-08-11 09:00,24220.04,1152.052394,-531115.84,-1.90,13271506.61,-3.85,773303.60,2.77,503688.87,1.80
298,Exit Long,sell,2022-08-09 18:00,23334.53,1845.39037,-615244.85,-1.41,13802622.46,-4.27,1108062.86,2.54,572183.53,1.31
298,Entry Long,buy,2022-08-08 15:00,23620.97,1845.39037,-615244.85,-1.41,13802622.46,-4.27,1108062.86,2.54,572183.53,1.31
297,Exit Long,sell,2022-08-02 00:00,23064.56,656.867767,-61217.54,-0.40,14417867.30,-0.42,1011798.66,6.66,373476.34,2.46
297,Entry Long,buy,2022-07-28 03:00,23111.58,656.867767,-61217.54,-0.40,14417867.30,-0.42,1011798.66,6.66,373476.34,2.46
296,Exit Long,sell,2022-07-21 21:00,22445.61,635.371803,800900.70,5.96,14479084.84,5.86,1979385.53,14.72,435364.07,3.24
296,Entry Long,buy,2022-07-16 03:00,21141.50,635.371803,800900.70,5.96,14479084.84,5.86,1979385.53,14.72,435364.07,3.24
295,Exit Long,sell,2022-07-10 21:00,20879.70,663.29634,90678.51,0.66,13678184.14,0.67,1147548.16,8.35,0,0.00
295,Entry Long,buy,2022-07-07 21:00,20701.41,663.29634,90678.51,0.66,13678184.14,0.67,1147548.16,8.35,0,0.00
294,Exit Short,exit_short,2022-07-01 09:00,20213.91,551.96326,-511945.85,-4.79,13587505.63,-3.63,385598.25,3.61,500788.51,4.69
294,Entry Short,enter_short,2022-06-30 15:00,19325.95,551.96326,-511945.85,-4.79,13587505.63,-3.63,385598.25,3.61,500788.51,4.69
293,Exit Long,sell,2022-06-27 21:00,20820.23,384.987625,-262792.85,-3.18,14099451.48,-1.83,148520.31,1.80,666540.84,8.06
293,Entry Long,buy,2022-06-21 21:00,21460.55,384.987625,-262792.85,-3.18,14099451.48,-1.83,148520.31,1.80,666540.84,8.06
292,Exit Short,exit_short,2022-06-13 21:00,23377.36,382.740605,2216734.43,19.80,14362244.33,18.25,2225681.90,19.88,155186.66,1.39
292,Entry Short,enter_short,2022-06-10 21:00,29221.70,382.740605,2216734.43,19.80,14362244.33,18.25,2225681.90,19.88,155186.66,1.39
291,Exit Long,sell,2022-06-02 00:00,30328.83,410.895857,44915.91,0.36,12145509.90,0.37,902060.62,7.27,792.63,0.01
291,Entry Long,buy,2022-05-30 09:00,30159.03,410.895857,44915.91,0.36,12145509.90,0.37,902060.62,7.27,792.63,0.01
290,Exit Short,exit_short,2022-05-27 00:00,29589.66,432.924417,-442472.77,-3.57,12100594.00,-3.53,284939.67,2.30,429662.69,3.46
290,Entry Short,enter_short,2022-05-26 21:00,28625.82,432.924417,-442472.77,-3.57,12100594.00,-3.53,284939.67,2.30,429662.69,3.46
289,Exit Short,exit_short,2022-05-10 09:00,29940.99,274.951369,2039557.02,19.80,12543066.77,19.42,2047789.34,19.88,0,0.00
289,Entry Short,enter_short,2022-05-06 00:00,37426.24,274.951369,2039557.02,19.80,12543066.77,19.42,2047789.34,19.88,0,0.00
288,Exit Long,sell,2022-05-05 21:00,38728.83,844.555017,-413967.04,-1.25,10503509.75,-3.79,719695.06,2.17,498997.83,1.51
288,Entry Long,buy,2022-05-05 00:00,39141.12,844.555017,-413967.04,-1.25,10503509.75,-3.79,719695.06,2.17,498997.83,1.51
287,Exit Short,exit_short,2022-05-02 21:00,39106.87,213.105961,-312378.12,-3.88,10917476.79,-2.78,59009.50,0.73,315756.52,3.92
287,Entry Short,enter_short,2022-05-01 06:00,37717.86,213.105961,-312378.12,-3.88,10917476.79,-2.78,59009.50,0.73,315756.52,3.92
286,Exit Short,exit_short,2022-04-29 03:00,40310.61,245.195336,-528431.41,-5.63,11229854.91,-4.49,122822.26,1.31,518547.44,5.53
286,Entry Short,enter_short,2022-04-27 00:00,38234.01,245.195336,-528431.41,-5.63,11229854.91,-4.49,122822.26,1.31,518547.44,5.53
285,Exit Short,exit_short,2022-04-26 06:00,40568.69,282.479036,-584239.60,-5.36,11758286.32,-4.73,93215.38,0.85,572779.80,5.25
285,Entry Short,enter_short,2022-04-25 15:00,38579.58,282.479036,-584239.60,-5.36,11758286.32,-4.73,93215.38,0.85,572779.80,5.25
284,Exit Short,exit_short,2022-04-19 09:00,41242.89,258.394437,759736.10,6.64,12342525.92,6.56,1464520.59,12.79,16929.65,0.15
284,Entry Short,enter_short,2022-04-06 21:00,44268.62,258.394437,759736.10,6.64,12342525.92,6.56,1464520.59,12.79,16929.65,0.15
283,Exit Long,sell,2022-04-01 00:00,46208.40,469.484464,1756535.37,8.82,11582789.82,17.88,2724034.12,13.68,299192.31,1.50
283,Entry Long,buy,2022-03-22 12:00,42378.40,469.484464,1756535.37,8.82,11582789.82,17.88,2724034.12,13.68,299192.31,1.50
282,Exit Long,sell,2022-03-21 09:00,40635.70,249.035818,-280403.13,-2.70,9826254.45,-2.77,169937.23,1.64,270283.39,2.60
282,Entry Long,buy,2022-03-19 00:00,41679.34,249.035818,-280403.13,-2.70,9826254.45,-2.77,169937.23,1.64,270283.39,2.60
281,Exit Long,sell,2022-03-16 12:00,39649.44,531.101902,-343179.56,-1.61,10106657.58,-3.28,769239.64,3.60,322121.66,1.51
281,Entry Long,buy,2022-03-16 09:00,40215.74,531.101902,-343179.56,-1.61,10106657.58,-3.28,769239.64,3.60,322121.66,1.51
280,Exit Long,sell,2022-03-10 12:00,39890.77,249.5269,-517474.77,-4.95,10449837.14,-4.72,166678.27,1.59,507520.95,4.85
280,Entry Long,buy,2022-03-09 12:00,41882.82,249.5269,-517474.77,-4.95,10449837.14,-4.72,166678.27,1.59,507520.95,4.85
279,Exit Long,sell,2022-03-04 09:00,41195.99,185.058261,153696.44,2.06,10967311.91,1.42,930555.48,12.47,0,0.00
279,Entry Long,buy,2022-03-01 00:00,40283.98,185.058261,153696.44,2.06,10967311.91,1.42,930555.48,12.47,0,0.00
278,Exit Long,sell,2022-02-28 06:00,37330.13,218.179325,-534760.63,-6.17,10813615.47,-4.71,123307.51,1.42,526615.97,6.07
278,Entry Long,buy,2022-02-25 21:00,39704.11,218.179325,-534760.63,-6.17,10813615.47,-4.71,123307.51,1.42,526615.97,6.07
277,Exit Short,exit_short,2022-02-25 03:00,39528.80,257.15176,511534.52,4.78,11348376.10,4.72,1858762.57,17.36,0,0.00
277,Entry Short,enter_short,2022-02-18 03:00,41599.16,257.15176,511534.52,4.78,11348376.10,4.72,1858762.57,17.36,0,0.00
276,Exit Long,sell,2022-02-17 18:00,43187.23,524.210774,-737818.41,-3.16,10836841.58,-6.37,117833.66,0.50,715179.20,3.06
276,Entry Long,buy,2022-02-16 06:00,44507.02,524.210774,-737818.41,-3.16,10836841.58,-6.37,117833.66,0.50,715179.20,3.06
275,Exit Long,sell,2022-02-11 06:00,43508.48,273.575866,-566517.83,-4.55,11574659.99,-4.67,90539.86,0.73,554614.96,4.45
275,Entry Long,buy,2022-02-11 00:00,45490.27,273.575866,-566517.83,-4.55,11574659.99,-4.67,90539.86,0.73,554614.96,4.45
274,Exit Long,sell,2022-02-10 21:00,43241.83,290.03492,1129852.62,9.91,12141177.81,10.26,1801771.24,15.81,0,0.00
274,Entry Long,buy,2022-02-05 00:00,39263.75,290.03492,1129852.62,9.91,12141177.81,10.26,1801771.24,15.81,0,0.00
273,Exit Long,sell,2022-02-02 21:00,37737.66,294.350739,-318732.30,-2.79,11011325.20,-2.81,148940.29,1.30,307624.19,2.69
273,Entry Long,buy,2022-02-01 06:00,38744.01,294.350739,-318732.30,-2.79,11011325.20,-2.81,148940.29,1.30,307624.19,2.69
272,Exit Short,exit_short,2022-02-01 00:00,38586.36,148.23899,-458314.21,-8.68,11330057.50,-3.89,0,0.00,474472.80,8.99
272,Entry Short,enter_short,2022-01-27 12:00,35568.79,148.23899,-458314.21,-8.68,11330057.50,-3.89,0,0.00,474472.80,8.99
271,Exit Short,exit_short,2022-01-26 21:00,39520.15,244.369406,19581.41,0.20,11788371.71,0.17,1000450.92,10.31,166642.70,1.72
271,Entry Short,enter_short,2022-01-21 12:00,39679.48,244.369406,19581.41,0.20,11788371.71,0.17,1000450.92,10.31,166642.70,1.72
270,Exit Short,exit_short,2022-01-12 21:00,43795.05,183.297461,380387.12,4.51,11768790.30,3.34,1147004.02,13.60,378973.01,4.49
270,Entry Short,enter_short,2022-01-01 03:00,45960.05,183.297461,380387.12,4.51,11768790.30,3.34,1147004.02,13.60,378973.01,4.49
269,Exit Long,sell,2021-12-28 09:00,50086.43,229.184238,-424612.77,-3.57,11388403.18,-3.59,49176.70,0.41,413133.75,3.47
269,Entry Long,buy,2021-12-28 00:00,51837.22,229.184238,-424612.77,-3.57,11388403.18,-3.59,49176.70,0.41,413133.75,3.47
268,Exit Long,sell,2021-12-26 15:00,49886.50,239.03516,128324.35,1.09,11813015.95,1.10,612515.52,5.20,299401.22,2.54
268,Entry Long,buy,2021-12-21 21:00,49250.52,239.03516,128324.35,1.09,11813015.95,1.10,612515.52,5.20,299401.22,2.54
267,Exit Short,exit_short,2021-12-19 21:00,48143.34,192.337602,-474637.82,-5.39,11684691.60,-3.90,47265.13,0.54,465378.05,5.28
267,Entry Short,enter_short,2021-12-17 21:00,45769.52,192.337602,-474637.82,-5.39,11684691.60,-3.90,47265.13,0.54,465378.05,5.28
266,Exit Short,exit_short,2021-12-04 12:00,42672.25,167.115616,1766755.89,19.80,12159329.42,17.00,1773887.09,19.88,119571.28,1.34
266,Entry Short,enter_short,2021-12-04 03:00,53340.32,167.115616,1766755.89,19.80,12159329.42,17.00,1773887.09,19.88,119571.28,1.34
265,Exit Short,exit_short,2021-11-29 06:00,56668.71,112.393151,377488.93,5.58,10392573.53,3.77,760531.39,11.24,148551.62,2.20
265,Entry Short,enter_short,2021-11-16 18:00,60144.17,112.393151,377488.93,5.58,10392573.53,3.77,760531.39,11.24,148551.62,2.20
264,Exit Long,sell,2021-11-11 06:00,64570.46,307.54567,279400.83,1.43,10015084.60,2.87,1660853.07,8.49,0,0.00
264,Entry Long,buy,2021-11-08 09:00,63533.87,307.54567,279400.83,1.43,10015084.60,2.87,1660853.07,8.49,0,0.00
263,Exit Long,sell,2021-11-03 21:00,61907.03,161.038653,-186169.58,-1.83,9735683.77,-1.88,210329.65,2.07,176200.16,1.74
263,Entry Long,buy,2021-11-02 18:00,62938.24,161.038653,-186169.58,-1.83,9735683.77,-1.88,210329.65,2.07,176200.16,1.74
262,Exit Short,exit_short,2021-10-30 00:00,62170.04,125.510588,-419161.63,-5.66,9921853.35,-4.05,187994.59,2.54,452783.40,6.11
262,Entry Short,enter_short,2021-10-27 15:00,58951.51,125.510588,-419161.63,-5.66,9921853.35,-4.05,187994.59,2.54,452783.40,6.11
261,Exit Long,sell,2021-10-21 18:00,62971.93,165.695298,834128.53,8.70,10341014.98,8.77,1510893.07,15.76,173575.27,1.81
261,Entry Long,buy,2021-10-14 09:00,57817.03,165.695298,834128.53,8.70,10341014.98,8.77,1510893.07,15.76,173575.27,1.81
260,Exit Long,sell,2021-10-11 21:00,57409.83,167.273755,2170572.39,29.24,9506886.45,29.59,2180175.55,29.37,0,0.00
260,Entry Long,buy,2021-10-01 15:00,44331.92,167.273755,2170572.39,29.24,9506886.45,29.59,2180175.55,29.37,0,0.00
259,Exit Short,exit_short,2021-09-23 12:00,44177.35,135.31251,-111809.54,-1.90,7336314.06,-1.50,515496.19,8.76,115958.58,1.97
259,Entry Short,enter_short,2021-09-20 18:00,43438.66,135.31251,-111809.54,-1.90,7336314.06,-1.50,515496.19,8.76,115958.58,1.97
258,Exit Short,exit_short,2021-09-15 21:00,47750.41,117.796608,-151432.20,-2.76,7448123.60,-1.99,459273.76,8.37,145807.37,2.66
258,Entry Short,enter_short,2021-09-08 00:00,46559.18,117.796608,-151432.20,-2.76,7448123.60,-1.99,459273.76,8.37,145807.37,2.66
257,Exit Long,sell,2021-09-07 18:00,50657.25,151.422786,28686.44,0.38,7599555.80,0.38,381267.92,4.99,155297.21,2.03
257,Entry Long,buy,2021-09-03 18:00,50366.78,151.422786,28686.44,0.38,7599555.80,0.38,381267.92,4.99,155297.21,2.03
256,Exit Long,sell,2021-09-03 09:00,48474.98,326.774824,-410879.88,-2.53,7570869.37,-5.15,231319.24,1.42,395039.47,2.43
256,Entry Long,buy,2021-09-02 09:00,49634.25,326.774824,-410879.88,-2.53,7570869.37,-5.15,231319.24,1.42,395039.47,2.43
255,Exit Long,sell,2021-08-25 00:00,47982.01,170.632442,-26646.67,-0.32,7981749.24,-0.33,414430.00,5.05,18459.38,0.22
255,Entry Long,buy,2021-08-20 21:00,48042.15,170.632442,-26646.67,-0.32,7981749.24,-0.33,414430.00,5.05,18459.38,0.22
254,Exit Long,sell,2021-08-15 15:00,45993.57,175.336473,-147971.42,-1.80,8008395.92,-1.81,243104.94,2.96,139907.07,1.71
254,Entry Long,buy,2021-08-14 03:00,46744.76,175.336473,-147971.42,-1.80,8008395.92,-1.81,243104.94,2.96,139907.07,1.71
253,Exit Long,sell,2021-08-12 21:00,44603.78,185.691665,554749.40,7.19,8156367.33,7.30,965234.53,12.50,0,0.00
253,Entry Long,buy,2021-08-07 00:00,41530.17,185.691665,554749.40,7.19,8156367.33,7.30,965234.53,12.50,0,0.00
252,Exit Long,sell,2021-08-02 06:00,40299.53,198.966375,1110004.50,16.09,7601617.93,17.10,1576693.97,22.85,158724.58,2.30
252,Entry Long,buy,2021-07-25 15:00,34645.73,198.966375,1110004.50,16.09,7601617.93,17.10,1576693.97,22.85,158724.58,2.30
251,Exit Short,exit_short,2021-07-22 00:00,31958.30,169.996237,18191.69,0.33,6491613.43,0.28,476569.25,8.72,185008.50,3.38
251,Entry Short,enter_short,2021-07-14 12:00,32129.40,169.996237,18191.69,0.33,6491613.43,0.28,476569.25,8.72,185008.50,3.38
250,Exit Short,exit_short,2021-07-11 00:00,34076.46,161.94221,-271448.06,-5.16,6473421.74,-4.02,53106.23,1.01,295482.48,5.61
250,Entry Short,enter_short,2021-07-08 15:00,32466.80,161.94221,-271448.06,-5.16,6473421.74,-4.02,53106.23,1.01,295482.48,5.61
249,Exit Long,sell,2021-07-01 15:00,33421.51,141.63516,-272907.04,-5.46,6744869.80,-3.89,189228.87,3.78,268173.38,5.36
249,Entry Long,buy,2021-06-28 15:00,35279.64,141.63516,-272907.04,-5.46,6744869.80,-3.89,189228.87,3.78,268173.38,5.36
248,Exit Short,exit_short,2021-06-25 00:00,35045.82,105.561888,-44734.76,-1.22,7017776.84,-0.63,617820.82,16.85,155089.60,4.23
248,Entry Short,enter_short,2021-06-20 18:00,34691.78,105.561888,-44734.76,-1.22,7017776.84,-0.63,617820.82,16.85,155089.60,4.23
247,Exit Long,sell,2021-06-18 00:00,38073.37,116.976511,-47386.64,-1.05,7062511.60,-0.67,338628.05,7.53,42932.95,0.95
247,Entry Long,buy,2021-06-14 03:00,38401.99,116.976511,-47386.64,-1.05,7062511.60,-0.67,338628.05,7.53,42932.95,0.95
246,Exit Short,exit_short,2021-06-09 21:00,35224.27,118.946992,-221249.39,-5.56,7109898.24,-3.02,283996.31,7.13,217059.57,5.45
246,Entry Short,enter_short,2021-06-08 06:00,33432.86,118.946992,-221249.39,-5.56,7109898.24,-3.02,283996.31,7.13,217059.57,5.45
245,Exit Long,sell,2021-06-04 12:00,36851.58,172.598633,-193581.45,-2.96,7331147.63,-2.57,267248.55,4.08,187220.91,2.86
245,Entry Long,buy,2021-06-02 21:00,37898.40,172.598633,-193581.45,-2.96,7331147.63,-2.57,267248.55,4.08,187220.91,2.86
244,Exit Short,exit_short,2021-05-17 12:00,42375.32,96.575031,1013891.57,19.80,7524729.08,15.57,1017983.96,19.88,0,0.00
244,Entry Short,enter_short,2021-05-13 06:00,52969.15,96.575031,1013891.57,19.80,7524729.08,15.57,1017983.96,19.88,0,0.00
243,Exit Long,sell,2021-05-10 21:00,57359.19,114.382126,-196304.70,-2.91,6510837.51,-2.93,65964.28,0.98,313114.10,4.64
243,Entry Long,buy,2021-05-08 15:00,58959.09,114.382126,-196304.70,-2.91,6510837.51,-2.93,65964.28,0.98,313114.10,4.64
242,Exit Short,exit_short,2021-04-27 15:00,54778.42,67.096314,38466.29,1.03,6707142.21,0.58,562642.05,15.10,147985.75,3.97
242,Entry Short,enter_short,2021-04-18 12:00,55461.96,67.096314,38466.29,1.03,6707142.21,0.58,562642.05,15.10,147985.75,3.97
241,Exit Long,sell,2021-04-15 03:00,61387.84,110.684737,9211.20,0.14,6668675.92,0.14,404589.01,5.97,205397.89,3.03
241,Entry Long,buy,2021-04-12 15:00,61182.05,110.684737,9211.20,0.14,6668675.92,0.14,404589.01,5.97,205397.89,3.03
240,Exit Long,sell,2021-04-11 03:00,58334.00,236.807134,-289269.81,-2.05,6659464.72,-4.16,404902.84,2.87,275455.90,1.96
240,Entry Long,buy,2021-04-10 12:00,59437.77,236.807134,-289269.81,-2.05,6659464.72,-4.16,404902.84,2.87,275455.90,1.96
239,Exit Long,sell,2021-04-04 00:00,58456.51,104.846559,120603.20,2.01,6948734.53,1.77,295981.78,4.93,44823.01,0.75
239,Entry Long,buy,2021-03-29 15:00,57190.58,104.846559,120603.20,2.01,6948734.53,1.77,295981.78,4.93,44823.01,0.75
238,Exit Short,exit_short,2021-03-27 09:00,55199.16,80.887685,-165628.79,-3.84,6828131.32,-2.37,229010.83,5.31,324267.40,7.52
238,Entry Short,enter_short,2021-03-23 12:00,53259.98,80.887685,-165628.79,-3.84,6828131.32,-2.37,229010.83,5.31,324267.40,7.52
237,Exit Long,sell,2021-03-15 15:00,57678.41,117.635627,676719.57,11.09,6993760.11,10.71,1164680.20,19.09,53228.50,0.87
237,Entry Long,buy,2021-03-09 03:00,51816.24,117.635627,676719.57,11.09,6993760.11,10.71,1164680.20,19.09,53228.50,0.87
236,Exit Short,exit_short,2021-03-03 15:00,50673.48,49.278704,-281745.34,-12.68,6317040.54,-4.27,97773.79,4.40,279248.21,12.57
236,Entry Short,enter_short,2021-02-26 15:00,45051.82,49.278704,-281745.34,-12.68,6317040.54,-4.27,97773.79,4.40,279248.21,12.57
235,Exit Short,exit_short,2021-02-25 21:00,51676.56,54.172039,-322060.11,-12.96,6598785.88,-4.65,40860.94,1.64,319260.69,12.85
235,Entry Short,enter_short,2021-02-23 18:00,45828.93,54.172039,-322060.11,-12.96,6598785.88,-4.65,40860.94,1.64,319260.69,12.85
234,Exit Long,sell,2021-02-22 18:00,54446.36,129.41536,485809.24,7.41,6920845.99,7.55,1000931.08,15.27,18066.05,0.28
234,Entry Long,buy,2021-02-17 15:00,50587.45,129.41536,485809.24,7.41,6920845.99,7.55,1000931.08,15.27,18066.05,0.28
233,Exit Long,sell,2021-02-17 00:00,48220.18,131.581517,-204676.10,-3.13,6435036.75,-3.08,116445.99,1.78,198331.21,3.03
233,Entry Long,buy,2021-02-16 12:00,49677.79,131.581517,-204676.10,-3.13,6435036.75,-3.08,116445.99,1.78,198331.21,3.03
232,Exit Long,sell,2021-02-15 09:00,46731.23,121.679225,689392.01,13.81,6639712.85,11.59,1056655.35,21.17,0,0.00
232,Entry Long,buy,2021-02-08 21:00,40977.87,121.679225,689392.01,13.81,6639712.85,11.59,1056655.35,21.17,0,0.00
231,Exit Long,sell,2021-02-08 00:00,37799.72,117.828737,55285.81,1.26,5950320.84,0.94,437162.82,9.95,129720.66,2.95
231,Entry Long,buy,2021-02-04 03:00,37255.46,117.828737,55285.81,1.26,5950320.84,0.94,437162.82,9.95,129720.66,2.95
230,Exit Long,sell,2021-01-30 03:00,33919.10,112.857277,-113788.09,-2.89,5895035.03,-1.89,420481.55,10.68,109960.07,2.79
230,Entry Long,buy,2021-01-29 15:00,34858.57,112.857277,-113788.09,-2.89,5895035.03,-1.89,420481.55,10.68,109960.07,2.79
229,Exit Short,exit_short,2021-01-25 21:00,34306.42,60.948131,-248791.82,-13.46,6008823.11,-3.98,78754.19,4.26,246700.91,13.35
229,Entry Short,enter_short,2021-01-22 06:00,30288.99,60.948131,-248791.82,-13.46,6008823.11,-3.98,78754.19,4.26,246700.91,13.35
228,Exit Long,sell,2021-01-11 00:00,36933.84,89.092933,186922.50,6.03,6257614.93,3.08,640998.34,20.68,100215.66,3.23
228,Entry Long,buy,2021-01-06 12:00,34764.08,89.092933,186922.50,6.03,6257614.93,3.08,640998.34,20.68,100215.66,3.23
227,Exit Long,sell,2021-01-02 21:00,31434.43,197.226921,1401303.56,29.24,6070692.43,30.01,1407503.28,29.37,95517.73,1.99
227,Entry Long,buy,2020-12-25 18:00,24273.69,197.226921,1401303.56,29.24,6070692.43,30.01,1407503.28,29.37,95517.73,1.99
226,Exit Long,sell,2020-12-21 21:00,22012.76,237.299669,608481.46,13.20,4669388.87,14.98,1156155.51,25.08,107937.45,2.34
226,Entry Long,buy,2020-12-13 21:00,19407.15,237.299669,608481.46,13.20,4669388.87,14.98,1156155.51,25.08,107937.45,2.34
225,Exit Short,exit_short,2020-12-13 03:00,18572.01,191.294363,-181808.04,-5.38,4060907.41,-4.29,12390.55,0.37,178255.32,5.27
225,Entry Short,enter_short,2020-12-11 18:00,17657.83,191.294363,-181808.04,-5.38,4060907.41,-4.29,12390.55,0.37,178255.32,5.27
224,Exit Long,sell,2020-12-04 18:00,18930.63,140.575402,-81900.00,-2.99,4242715.45,-1.89,59741.06,2.18,195056.08,7.12
224,Entry Long,buy,2020-11-30 21:00,19474.83,140.575402,-81900.00,-2.99,4242715.45,-1.89,59741.06,2.18,195056.08,7.12
223,Exit Long,sell,2020-11-26 06:00,18567.39,237.489223,-100519.81,-2.23,4324615.45,-2.27,125334.19,2.78,96110.26,2.13
223,Entry Long,buy,2020-11-24 18:00,18953.13,237.489223,-100519.81,-2.23,4324615.45,-2.27,125334.19,2.78,96110.26,2.13
222,Exit Long,sell,2020-11-22 18:00,17820.79,464.560054,613643.70,8.01,4425135.26,16.10,1159576.46,15.14,0,0.00
222,Entry Long,buy,2020-11-17 00:00,16465.59,464.560054,613643.70,8.01,4425135.26,16.10,1159576.46,15.14,0,0.00
221,Exit Long,sell,2020-11-16 03:00,15859.99,243.407976,524.27,0.01,3811491.56,0.01,157877.78,4.09,94154.14,2.44
221,Entry Long,buy,2020-11-12 00:00,15826.15,243.407976,524.27,0.01,3811491.56,0.01,157877.78,4.09,94154.14,2.44
220,Exit Long,sell,2020-11-08 03:00,14644.79,509.957662,278424.19,3.88,3810967.29,7.88,962667.43,13.40,66146.66,0.92
220,Entry Long,buy,2020-11-05 00:00,14070.10,509.957662,278424.19,3.88,3810967.29,7.88,962667.43,13.40,66146.66,0.92
219,Exit Long,sell,2020-11-04 15:00,13624.37,552.11228,-261383.46,-3.36,3532543.10,-6.89,0,0.00,253861.28,3.26
219,Entry Long,buy,2020-11-04 06:00,14070.10,552.11228,-261383.46,-3.36,3532543.10,-6.89,0,0.00,253861.28,3.26
218,Exit Long,sell,2020-11-02 15:00,13506.49,288.837582,-102578.00,-2.56,3793926.56,-2.63,71335.87,1.78,98676.82,2.47
218,Entry Long,buy,2020-10-31 15:00,13834.29,288.837582,-102578.00,-2.56,3793926.56,-2.63,71335.87,1.78,98676.82,2.47
217,Exit Long,sell,2020-10-28 21:00,13305.87,899.765766,-48433.43,-0.40,3896504.57,-1.23,461478.11,3.84,36461.26,0.30
217,Entry Long,buy,2020-10-27 18:00,13333.06,899.765766,-48433.43,-0.40,3896504.57,-1.23,461478.11,3.84,36461.26,0.30
216,Exit Long,sell,2020-10-27 00:00,13009.90,927.349123,1281426.44,11.90,3944938.00,48.11,1616357.03,15.01,0,0.00
216,Entry Long,buy,2020-10-19 21:00,11603.47,927.349123,1281426.44,11.90,3944938.00,48.11,1616357.03,15.01,0,0.00
215,Exit Long,sell,2020-10-14 21:00,11370.18,1138.434908,650892.79,5.30,2663511.56,32.34,1074390.78,8.75,0,0.00
215,Entry Long,buy,2020-10-08 21:00,10776.29,1138.434908,650892.79,5.30,2663511.56,32.34,1074390.78,8.75,0,0.00
214,Exit Long,sell,2020-10-02 00:00,10785.99,791.291126,-128816.70,-1.49,2012618.76,-6.02,0,0.00,120281.85,1.39
214,Entry Long,buy,2020-10-01 15:00,10927.07,791.291126,-128816.70,-1.49,2012618.76,-6.02,0,0.00,120281.85,1.39
213,Exit Long,sell,2020-09-30 00:00,10684.37,408.197833,-58237.55,-1.32,2141435.47,-2.65,55398.34,1.25,75739.29,1.72
213,Entry Long,buy,2020-09-28 09:00,10805.55,408.197833,-58237.55,-1.32,2141435.47,-2.65,55398.34,1.25,75739.29,1.72
212,Exit Short,exit_short,2020-09-25 00:00,10634.93,219.045092,-91145.68,-4.06,2199673.02,-3.98,20235.45,0.90,88816.15,3.96
212,Entry Short,enter_short,2020-09-24 03:00,10239.70,219.045092,-91145.68,-4.06,2199673.02,-3.98,20235.45,0.90,88816.15,3.96
211,Exit Long,sell,2020-09-20 12:00,10909.43,776.061292,258759.04,3.16,2290818.70,12.73,477809.65,5.83,0,0.00
211,Entry Long,buy,2020-09-14 21:00,10554.54,776.061292,258759.04,3.16,2290818.70,12.73,477809.65,5.83,0,0.00
210,Exit Short,exit_short,2020-09-14 15:00,10348.31,169.503961,130022.22,6.88,2032059.66,6.84,218541.99,11.57,0,0.00
210,Entry Short,enter_short,2020-09-03 21:00,11136.87,169.503961,130022.22,6.88,2032059.66,6.84,218541.99,11.57,0,0.00
209,Exit Long,sell,2020-09-02 15:00,11727.88,482.02752,37518.82,0.67,1902037.44,2.01,206781.76,3.69,53035.89,0.95
209,Entry Long,buy,2020-08-30 21:00,11626.69,482.02752,37518.82,0.67,1902037.44,2.01,206781.76,3.69,53035.89,0.95
208,Exit Short,exit_short,2020-08-29 15:00,11582.15,163.487046,-34924.70,-1.87,1864518.62,-1.84,43526.55,2.33,35563.58,1.91
208,Entry Short,enter_short,2020-08-25 21:00,11391.50,163.487046,-34924.70,-1.87,1864518.62,-1.84,43526.55,2.33,35563.58,1.91
207,Exit Long,sell,2020-08-18 21:00,11946.49,322.265979,-13109.70,-0.34,1899443.32,-0.69,162298.54,4.21,91070.19,2.36
207,Entry Long,buy,2020-08-16 06:00,11963.26,322.265979,-13109.70,-0.34,1899443.32,-0.69,162298.54,4.21,91070.19,2.36
206,Exit Long,sell,2020-08-10 18:00,11704.51,339.74157,-72765.71,-1.80,1912553.02,-3.67,61168.74,1.51,68789.20,1.70
206,Entry Long,buy,2020-08-10 09:00,11895.09,339.74157,-72765.71,-1.80,1912553.02,-3.67,61168.74,1.51,68789.20,1.70
205,Exit Long,sell,2020-08-02 09:00,11936.50,469.419689,1266483.12,29.24,1985318.73,176.16,1272086.34,29.37,0,0.00
205,Entry Long,buy,2020-07-21 15:00,9217.37,469.419689,1266483.12,29.24,1985318.73,176.16,1272086.34,29.37,0,0.00
204,Exit Long,sell,2020-07-10 00:00,9204.26,240.611714,-21197.44,-0.95,718835.62,-2.86,46528.56,2.08,19004.45,0.85
204,Entry Long,buy,2020-07-06 21:00,9273.88,240.611714,-21197.44,-0.95,718835.62,-2.86,46528.56,2.08,19004.45,0.85
203,Exit Short,exit_short,2020-07-02 00:00,9281.05,84.265004,-24498.34,-3.22,740033.06,-3.20,15061.64,1.98,23716.27,3.12
203,Entry Short,enter_short,2020-06-28 03:00,9008.61,84.265004,-24498.34,-3.22,740033.06,-3.20,15061.64,1.98,23716.27,3.12
202,Exit Long,sell,2020-06-24 15:00,9484.58,326.275741,-7159.18,-0.23,764531.40,-0.93,95338.57,3.08,4064.60,0.13
202,Entry Long,buy,2020-06-23 00:00,9487.55,326.275741,-7159.18,-0.23,764531.40,-0.93,95338.57,3.08,4064.60,0.13
201,Exit Short,exit_short,2020-06-16 03:00,9431.40,72.526976,-11114.63,-1.65,771690.58,-1.42,28064.54,4.16,19184.61,2.84
201,Entry Short,enter_short,2020-06-12 00:00,9296.88,72.526976,-11114.63,-1.65,771690.58,-1.42,28064.54,4.16,19184.61,2.84
200,Exit Long,sell,2020-06-11 21:00,9702.96,254.855237,-47531.23,-1.89,782805.22,-5.72,33235.70,1.32,45058.38,1.79
200,Entry Long,buy,2020-06-11 03:00,9869.89,254.855237,-47531.23,-1.89,782805.22,-5.72,33235.70,1.32,45058.38,1.79
199,Exit Long,sell,2020-06-09 09:00,9641.47,274.92224,-66040.07,-2.43,830336.45,-7.37,6278.62,0.23,63389.42,2.34
199,Entry Long,buy,2020-06-09 09:00,9862.18,274.92224,-66040.07,-2.43,830336.45,-7.37,6278.62,0.23,63389.42,2.34
198,Exit Long,sell,2020-06-02 21:00,9843.76,103.989317,797.58,0.08,896376.52,0.09,61023.38,5.97,0,0.00
198,Entry Long,buy,2020-06-02 06:00,9816.43,103.989317,797.58,0.08,896376.52,0.09,61023.38,5.97,0,0.00
197,Exit Short,exit_short,2020-05-28 09:00,9272.74,86.37815,-40367.64,-5.29,895578.94,-4.31,15370.69,2.01,39566.68,5.19
197,Entry Short,enter_short,2020-05-25 06:00,8823.50,86.37815,-40367.64,-5.29,895578.94,-4.31,15370.69,2.01,39566.68,5.19
196,Exit Long,sell,2020-05-19 09:00,9549.05,58.967198,-14193.96,-2.46,935946.58,-1.49,10410.04,1.81,38969.09,6.76
196,Entry Long,buy,2020-05-14 18:00,9770.44,58.967198,-14193.96,-2.46,935946.58,-1.49,10410.04,1.81,38969.09,6.76
195,Exit Long,sell,2020-05-10 09:00,9435.85,199.454331,47708.70,2.60,950140.55,5.29,177730.16,9.70,30563.99,1.67
195,Entry Long,buy,2020-05-06 18:00,9178.04,199.454331,47708.70,2.60,950140.55,5.29,177730.16,9.70,30563.99,1.67
194,Exit Long,sell,2020-04-30 15:00,9426.72,158.323186,337338.26,29.24,902431.85,59.69,338830.72,29.37,0,0.00
194,Entry Long,buy,2020-04-23 21:00,7279.32,158.323186,337338.26,29.24,902431.85,59.69,338830.72,29.37,0,0.00
193,Exit Long,sell,2020-04-21 00:00,6898.10,83.523774,-24352.50,-4.06,565093.59,-4.13,10152.68,1.69,23776.34,3.96
193,Entry Long,buy,2020-04-17 06:00,7175.59,83.523774,-24352.50,-4.06,565093.59,-4.13,10152.68,1.69,23776.34,3.96
192,Exit Short,exit_short,2020-04-16 15:00,6945.74,74.814618,-28526.34,-5.79,589446.09,-4.62,7594.58,1.54,28006.70,5.69
192,Entry Short,enter_short,2020-04-16 09:00,6577.97,74.814618,-28526.34,-5.79,589446.09,-4.62,7594.58,1.54,28006.70,5.69
191,Exit Short,exit_short,2020-04-15 00:00,6988.28,81.206389,-30022.85,-5.57,617972.43,-4.63,5731.37,1.06,29455.36,5.46
191,Entry Short,enter_short,2020-04-13 09:00,6632.19,81.206389,-30022.85,-5.57,617972.43,-4.63,5731.37,1.06,29455.36,5.46
190,Exit Long,sell,2020-04-10 12:00,7085.77,64.837416,-10958.58,-2.33,647995.29,-1.66,14386.10,3.06,11067.78,2.36
190,Entry Long,buy,2020-04-07 03:00,7240.46,64.837416,-10958.58,-2.33,647995.29,-1.66,14386.10,3.06,11067.78,2.36
189,Exit Long,sell,2020-04-04 15:00,6720.32,88.241833,1928.49,0.33,658953.86,0.29,50625.66,8.57,10097.96,1.71
189,Entry Long,buy,2020-04-02 06:00,6685.06,88.241833,1928.49,0.33,658953.86,0.29,50625.66,8.57,10097.96,1.71
188,Exit Long,sell,2020-03-28 06:00,6348.80,57.93896,-34372.15,-8.55,657025.37,-4.97,2784.62,0.69,34004.30,8.46
188,Entry Long,buy,2020-03-25 18:00,6928.77,57.93896,-34372.15,-8.55,657025.37,-4.97,2784.62,0.69,34004.30,8.46
187,Exit Long,sell,2020-03-21 03:00,5701.72,48.342005,-13050.49,-4.53,691397.52,-1.85,47751.75,16.56,12774.86,4.43
187,Entry Long,buy,2020-03-20 00:00,5960.02,48.342005,-13050.49,-4.53,691397.52,-1.85,47751.75,16.56,12774.86,4.43
186,Exit Short,exit_short,2020-03-12 18:00,6743.40,68.718743,114806.85,19.80,704448.01,19.47,115270.25,19.88,0,0.00
186,Entry Short,enter_short,2020-03-09 00:00,8429.25,68.718743,114806.85,19.80,704448.01,19.47,115270.25,19.88,0,0.00
185,Exit Short,exit_short,2020-03-06 03:00,9108.57,57.479478,11691.96,2.18,589641.16,2.02,52584.50,9.80,5873.85,1.09
185,Entry Short,enter_short,2020-02-26 00:00,9330.42,57.479478,11691.96,2.18,589641.16,2.02,52584.50,9.80,5873.85,1.09
184,Exit Short,exit_short,2020-02-23 12:00,9884.74,59.273695,-24206.81,-4.30,577949.20,-4.02,10598.39,1.88,23620.91,4.19
184,Entry Short,enter_short,2020-02-20 06:00,9495.73,59.273695,-24206.81,-4.30,577949.20,-4.02,10598.39,1.88,23620.91,4.19
183,Exit Short,exit_short,2020-02-19 00:00,9967.40,63.635581,-22040.70,-3.59,602156.01,-3.53,10072.20,1.64,21406.41,3.49
183,Entry Short,enter_short,2020-02-17 18:00,9640.65,63.635581,-22040.70,-3.59,602156.01,-3.53,10072.20,1.64,21406.41,3.49
182,Exit Long,sell,2020-02-14 15:00,10121.39,63.9401,-24357.54,-3.63,624196.71,-3.76,1140.58,0.17,23710.38,3.53
182,Entry Long,buy,2020-02-13 21:00,10481.73,63.9401,-24357.54,-3.63,624196.71,-3.76,1140.58,0.17,23710.38,3.53
181,Exit Long,sell,2020-02-13 18:00,10119.72,201.885079,-14626.90,-0.71,648554.25,-2.21,65547.67,3.19,12583.88,0.61
181,Entry Long,buy,2020-02-12 00:00,10171.88,201.885079,-14626.90,-0.71,648554.25,-2.21,65547.67,3.19,12583.88,0.61
180,Exit Long,sell,2020-02-10 21:00,9803.91,195.896437,38842.32,2.07,663181.15,6.22,117742.33,6.26,14726.76,0.78
180,Entry Long,buy,2020-02-06 03:00,9586.24,195.896437,38842.32,2.07,663181.15,6.22,117742.33,6.26,14726.76,0.78
179,Exit Long,sell,2020-02-03 12:00,9367.78,214.280634,-41546.99,-2.03,624338.83,-6.24,12629.11,0.62,39539.65,1.93
179,Entry Long,buy,2020-02-03 09:00,9542.76,214.280634,-41546.99,-2.03,624338.83,-6.24,12629.11,0.62,39539.65,1.93
178,Exit Long,sell,2020-02-02 09:00,9235.99,194.684621,109238.91,6.48,665885.82,19.62,175627.53,10.41,0,0.00
178,Entry Long,buy,2020-01-27 18:00,8656.99,194.684621,109238.91,6.48,665885.82,19.62,175627.53,10.41,0,0.00
177,Exit Long,sell,2020-01-19 18:00,8832.20,120.951963,66536.01,6.65,556646.91,13.57,110025.77,11.00,0,0.00
177,Entry Long,buy,2020-01-14 09:00,8265.00,120.951963,66536.01,6.65,556646.91,13.57,110025.77,11.00,0,0.00
176,Exit Long,sell,2020-01-09 03:00,7867.31,118.17026,56538.45,6.48,490110.90,13.04,128026.41,14.68,14360.48,1.65
176,Entry Long,buy,2020-01-05 03:00,7373.62,118.17026,56538.45,6.48,490110.90,13.04,128026.41,14.68,14360.48,1.65
175,Exit Short,exit_short,2020-01-03 12:00,7249.64,62.825319,-13525.56,-3.05,433572.45,-3.02,11594.50,2.62,13070.09,2.95
175,Entry Short,enter_short,2020-01-03 00:00,7048.65,62.825319,-13525.56,-3.05,433572.45,-3.02,11594.50,2.62,13070.09,2.95
174,Exit Long,sell,2019-12-30 18:00,7286.92,192.143005,-25413.10,-1.78,447098.00,-5.38,21963.00,1.54,24012.97,1.69
174,Entry Long,buy,2019-12-30 00:00,7404.49,192.143005,-25413.10,-1.78,447098.00,-5.38,21963.00,1.54,24012.97,1.69
173,Exit Long,sell,2019-12-24 06:00,7377.30,62.060294,7528.62,1.67,472511.11,1.62,27406.98,6.09,12798.78,2.85
173,Entry Long,buy,2019-12-19 06:00,7241.37,62.060294,7528.62,1.67,472511.11,1.62,27406.98,6.09,12798.78,2.85
172,Exit Short,exit_short,2019-12-19 03:00,7021.93,63.951369,4454.36,0.98,464982.49,0.97,42621.94,9.37,12866.10,2.83
172,Entry Short,enter_short,2019-12-12 09:00,7105.71,63.951369,4454.36,0.98,464982.49,0.97,42621.94,9.37,12866.10,2.83
171,Exit Long,sell,2019-12-10 03:00,7384.17,130.528426,-31704.86,-3.19,460528.13,-6.44,5226.09,0.53,30741.02,3.09
171,Entry Long,buy,2019-12-10 00:00,7612.07,130.528426,-31704.86,-3.19,460528.13,-6.44,5226.09,0.53,30741.02,3.09
170,Exit Long,sell,2019-12-01 09:00,7369.94,64.183562,-565.71,-0.12,492232.99,-0.11,31825.16,6.73,10023.16,2.12
170,Entry Long,buy,2019-11-27 21:00,7364.02,64.183562,-565.71,-0.12,492232.99,-0.11,31825.16,6.73,10023.16,2.12
169,Exit Short,exit_short,2019-11-22 18:00,6951.65,47.048138,81029.54,19.80,492798.70,19.67,81356.60,19.88,8970.18,2.19
169,Entry Short,enter_short,2019-11-11 18:00,8689.56,47.048138,81029.54,19.80,492798.70,19.67,81356.60,19.88,8970.18,2.19
168,Exit Short,exit_short,2019-11-11 00:00,9107.60,93.954219,-13753.67,-1.63,411769.16,-3.23,28538.66,3.38,12897.97,1.53
168,Entry Short,enter_short,2019-11-08 18:00,8979.30,93.954219,-13753.67,-1.63,411769.16,-3.23,28538.66,3.38,12897.97,1.53
167,Exit Long,sell,2019-11-05 15:00,9287.46,143.643453,-20917.62,-1.55,425522.83,-4.68,24826.71,1.83,19583.54,1.45
167,Entry Long,buy,2019-11-05 03:00,9414.38,143.643453,-20917.62,-1.55,425522.83,-4.68,24826.71,1.83,19583.54,1.45
166,Exit Long,sell,2019-10-27 03:00,8914.86,138.909145,77965.37,6.73,446440.45,21.15,301605.60,26.02,0,0.00
166,Entry Long,buy,2019-10-26 00:00,8336.34,138.909145,77965.37,6.73,446440.45,21.15,301605.60,26.02,0,0.00
165,Exit Short,exit_short,2019-10-26 00:00,7830.67,46.303048,-365.29,-0.10,368475.09,-0.10,24948.15,6.87,2.71,0.00
165,Entry Short,enter_short,2019-10-23 21:00,7838.45,46.303048,-365.29,-0.10,368475.09,-0.10,24948.15,6.87,2.71,0.00
164,Exit Short,exit_short,2019-10-22 00:00,8307.62,45.143588,-17468.52,-4.87,368840.38,-4.52,5124.84,1.43,17093.48,4.77
164,Entry Short,enter_short,2019-10-18 12:00,7936.91,45.143588,-17468.52,-4.87,368840.38,-4.52,5124.84,1.43,17093.48,4.77
163,Exit Long,sell,2019-10-11 15:00,8318.59,94.744405,-1616.11,-0.20,386308.89,-0.42,49309.82,6.25,827.97,0.10
163,Entry Long,buy,2019-10-09 21:00,8319.01,94.744405,-1616.11,-0.20,386308.89,-0.42,49309.82,6.25,827.97,0.10
162,Exit Short,exit_short,2019-10-06 06:00,8155.58,34.589894,50301.21,15.09,387925.00,14.89,66158.44,19.85,5510.78,1.65
162,Entry Short,enter_short,2019-09-24 06:00,9627.58,34.589894,50301.21,15.09,387925.00,14.89,66158.44,19.85,5510.78,1.65
161,Exit Short,exit_short,2019-09-20 00:00,10047.08,69.377488,-12419.62,-1.81,337623.80,-3.55,18976.27,2.76,11722.58,1.71
161,Entry Short,enter_short,2019-09-19 12:00,9888.00,69.377488,-12419.62,-1.81,337623.80,-3.55,18976.27,2.76,11722.58,1.71
160,Exit Long,sell,2019-09-07 03:00,10283.48,36.389225,-13975.65,-3.60,350043.41,-3.84,10688.00,2.76,13917.66,3.59
160,Entry Long,buy,2019-09-03 21:00,10646.61,36.389225,-13975.65,-3.60,350043.41,-3.84,10688.00,2.76,13917.66,3.59
159,Exit Short,exit_short,2019-09-02 21:00,9971.12,32.261705,-6816.60,-2.16,364019.06,-1.84,14555.53,4.61,6494.91,2.06
159,Entry Short,enter_short,2019-08-29 03:00,9779.58,32.261705,-6816.60,-2.16,364019.06,-1.84,14555.53,4.61,6494.91,2.06
158,Exit Short,exit_short,2019-08-19 15:00,10716.64,21.871547,-3296.78,-1.42,370835.66,-0.88,24066.42,10.38,3062.39,1.32
158,Entry Short,enter_short,2019-08-14 09:00,10587.21,21.871547,-3296.78,-1.42,370835.66,-0.88,24066.42,10.38,3062.39,1.32
157,Exit Long,sell,2019-08-07 06:00,11339.55,36.490027,40578.17,10.89,374132.44,12.16,77009.43,20.66,0,0.00
157,Entry Long,buy,2019-08-02 03:00,10205.97,36.490027,40578.17,10.89,374132.44,12.16,77009.43,20.66,0,0.00
156,Exit Short,exit_short,2019-08-01 00:00,9969.63,19.430243,-13368.99,-7.39,333554.28,-3.85,3476.64,1.92,14965.97,8.27
156,Entry Short,enter_short,2019-07-29 06:00,9300.85,19.430243,-13368.99,-7.39,333554.28,-3.85,3476.64,1.92,14965.97,8.27
155,Exit Short,exit_short,2019-07-21 06:00,11112.31,14.621231,-5147.76,-3.26,346923.26,-1.46,24770.09,15.70,4985.29,3.16
155,Entry Short,enter_short,2019-07-14 18:00,10782.13,14.621231,-5147.76,-3.26,346923.26,-1.46,24770.09,15.70,4985.29,3.16
154,Exit Long,sell,2019-07-11 03:00,12013.05,29.086408,-1335.88,-0.38,352071.02,-0.38,33403.56,9.53,986.46,0.28
154,Entry Long,buy,2019-07-09 03:00,12034.93,29.086408,-1335.88,-0.38,352071.02,-0.38,33403.56,9.53,986.46,0.28
153,Exit Short,exit_short,2019-07-04 06:00,11732.58,9.181659,-17902.19,-19.87,353406.90,-4.82,1295.31,1.44,17794.46,19.75
153,Entry Short,enter_short,2019-07-02 15:00,9804.34,9.181659,-17902.19,-19.87,353406.90,-4.82,1295.31,1.44,17794.46,19.75
152,Exit Long,sell,2019-06-26 06:00,11658.24,32.003151,82202.74,28.29,371309.09,28.42,82575.84,28.42,9408.89,3.24
152,Entry Long,buy,2019-06-16 12:00,9068.93,32.003151,82202.74,28.29,371309.09,28.42,82575.84,28.42,9408.89,3.24
151,Exit Short,exit_short,2019-06-13 00:00,8110.18,25.984275,-5459.20,-2.65,289106.35,-1.85,12336.40,5.99,5798.03,2.82
151,Entry Short,enter_short,2019-06-04 09:00,7916.11,25.984275,-5459.20,-2.65,289106.35,-1.85,12336.40,5.99,5798.03,2.82
150,Exit Long,sell,2019-05-31 03:00,8504.51,35.369074,11793.86,4.09,294565.55,4.17,32941.54,11.41,0,0.00
150,Entry Long,buy,2019-05-27 03:00,8154.40,35.369074,11793.86,4.09,294565.55,4.17,32941.54,11.41,0,0.00
149,Exit Long,sell,2019-05-14 00:00,7698.65,60.297093,104923.36,29.24,282771.69,58.96,105387.57,29.37,967.46,0.27
149,Entry Long,buy,2019-05-09 06:00,5944.90,60.297093,104923.36,29.24,282771.69,58.96,105387.57,29.37,967.46,0.27
148,Exit Long,sell,2019-05-08 09:00,5678.88,32.133298,-4789.00,-2.56,177848.33,-2.62,4744.92,2.54,4606.51,2.46
148,Entry Long,buy,2019-05-07 09:00,5816.42,32.133298,-4789.00,-2.56,177848.33,-2.62,4744.92,2.54,4606.51,2.46
147,Exit Long,sell,2019-05-06 15:00,5570.16,113.733913,32905.48,5.48,182637.33,21.96,64390.45,10.73,891.67,0.15
147,Entry Long,buy,2019-05-01 09:00,5270.00,113.733913,32905.48,5.48,182637.33,21.96,64390.45,10.73,891.67,0.15
146,Exit Short,exit_short,2019-04-26 09:00,5265.26,24.047551,-7353.14,-6.15,149731.85,-4.68,60.61,0.05,7226.52,6.04
146,Entry Short,enter_short,2019-04-26 06:00,4969.72,24.047551,-7353.14,-6.15,149731.85,-4.68,60.61,0.05,7226.52,6.04
145,Exit Long,sell,2019-04-24 15:00,5432.09,161.58377,13948.38,1.62,157084.99,9.74,47092.78,5.46,0,0.00
145,Entry Long,buy,2019-04-23 00:00,5335.00,161.58377,13948.38,1.62,157084.99,9.74,47092.78,5.46,0,0.00
144,Exit Long,sell,2019-04-22 03:00,5264.83,80.742127,7143.19,1.71,143136.61,5.25,15251.71,3.65,0,0.00
144,Entry Long,buy,2019-04-17 00:00,5165.93,80.742127,7143.19,1.71,143136.61,5.25,15251.71,3.65,0,0.00
143,Exit Long,sell,2019-04-04 00:00,5146.77,74.542013,86713.89,29.24,135993.41,175.61,87097.54,29.37,700.27,0.24
143,Entry Long,buy,2019-03-27 12:00,3974.36,74.542013,86713.89,29.24,135993.41,175.61,87097.54,29.37,700.27,0.24
142,Exit Short,exit_short,2019-03-27 09:00,3934.39,54.075787,-3948.81,-1.89,49279.52,-7.40,399.66,0.19,3736.05,1.78
142,Entry Short,enter_short,2019-03-26 03:00,3869.17,54.075787,-3948.81,-1.89,49279.52,-7.40,399.66,0.19,3736.05,1.78
141,Exit Long,sell,2019-03-21 21:00,4001.54,71.159624,7631.30,2.76,53228.32,16.70,11994.92,4.33,1443.57,0.52
141,Entry Long,buy,2019-03-15 18:00,3886.41,71.159624,7631.30,2.76,53228.32,16.70,11994.92,4.33,1443.57,0.52
140,Exit Long,sell,2019-03-11 12:00,3868.84,36.276869,-985.17,-0.70,45597.02,-2.11,1989.85,1.41,933.70,0.66
140,Entry Long,buy,2019-03-09 15:00,3888.24,36.276869,-985.17,-0.70,45597.02,-2.11,1989.85,1.41,933.70,0.66
139,Exit Long,sell,2019-03-09 06:00,3803.86,30.055962,-2405.08,-2.06,46582.19,-4.90,996.77,0.85,2290.75,1.96
139,Entry Long,buy,2019-03-06 18:00,3876.20,30.055962,-2405.08,-2.06,46582.19,-4.90,996.77,0.85,2290.75,1.96
138,Exit Short,buy,2019-03-06 18:00,3876.20,11.585804,-2393.78,-5.61,48987.27,-4.65,11.16,0.03,2348.87,5.51
138,Entry Short,enter_short,2019-03-04 18:00,3677.14,11.585804,-2393.78,-5.61,48987.27,-4.65,11.16,0.03,2348.87,5.51
137,Exit Long,sell,2019-02-24 21:00,4038.20,52.063341,20020.74,10.54,51381.06,63.64,28066.00,14.77,0,0.00
137,Entry Long,buy,2019-02-18 09:00,3645.97,52.063341,20020.74,10.54,51381.06,63.64,28066.00,14.77,0,0.00
136,Exit Long,sell,2019-02-17 18:00,3592.62,54.198703,-1031.24,-0.53,31360.32,-3.17,3409.94,1.74,836.53,0.43
136,Entry Long,buy,2019-02-17 18:00,3604.45,54.198703,-1031.24,-0.53,31360.32,-3.17,3409.94,1.74,836.53,0.43
135,Exit Long,sell,2019-02-17 00:00,3592.62,55.961512,-1064.78,-0.53,32391.56,-3.17,0,0.00,863.74,0.43
135,Entry Long,buy,2019-02-17 00:00,3604.45,55.961512,-1064.78,-0.53,32391.56,-3.17,0,0.00,863.74,0.43
134,Exit Long,sell,2019-02-16 21:00,3592.62,57.944008,-1102.50,-0.53,33456.34,-3.18,19.44,0.01,894.33,0.43
134,Entry Long,buy,2019-02-16 21:00,3604.45,57.944008,-1102.50,-0.53,33456.34,-3.18,19.44,0.01,894.33,0.43
133,Exit Long,sell,2019-02-14 00:00,3570.57,48.843868,7051.60,4.22,34558.85,25.54,14013.83,8.38,635.91,0.38
133,Entry Long,buy,2019-02-08 21:00,3419.21,48.843868,7051.60,4.22,34558.85,25.54,14013.83,8.38,635.91,0.38
132,Exit Short,exit_short,2019-02-08 18:00,3386.66,16.422693,-556.17,-1.01,27507.25,-1.97,356.22,0.64,500.56,0.91
132,Entry Short,enter_short,2019-02-06 09:00,3359.54,16.422693,-556.17,-1.01,27507.25,-1.97,356.22,0.64,500.56,0.91
131,Exit Short,exit_short,2019-02-03 06:00,3474.14,8.128081,-288.71,-1.03,28063.42,-1.01,857.96,3.06,260.47,0.93
131,Entry Short,enter_short,2019-01-28 12:00,3445.54,8.128081,-288.71,-1.03,28063.42,-1.01,857.96,3.06,260.47,0.93
130,Exit Long,sell,2019-01-27 00:00,3552.13,24.86229,-1115.87,-1.25,28352.13,-3.77,1647.63,1.84,1027.56,1.15
130,Entry Long,buy,2019-01-26 15:00,3589.87,24.86229,-1115.87,-1.25,28352.13,-3.77,1647.63,1.84,1027.56,1.15
129,Exit Short,exit_short,2019-01-23 00:00,3586.72,6.247119,-624.15,-2.86,29468.00,-2.07,423.91,1.94,601.75,2.75
129,Entry Short,enter_short,2019-01-20 21:00,3493.89,6.247119,-624.15,-2.86,29468.00,-2.07,423.91,1.94,601.75,2.75
128,Exit Short,exit_short,2019-01-19 18:00,3734.80,7.558203,-714.65,-2.59,30092.15,-2.31,1308.19,4.74,686.42,2.49
128,Entry Short,enter_short,2019-01-11 00:00,3647.63,7.558203,-714.65,-2.59,30092.15,-2.31,1308.19,4.74,686.42,2.49
127,Exit Long,sell,2019-01-10 15:00,3945.87,8.146459,-228.69,-0.71,30806.80,-0.73,1166.69,3.61,231.73,0.72
127,Entry Long,buy,2019-01-07 00:00,3966.03,8.146459,-228.69,-0.71,30806.80,-0.73,1166.69,3.61,231.73,0.72
126,Exit Long,sell,2019-01-02 09:00,3794.28,8.712407,-1325.71,-3.86,31035.48,-4.08,421.43,1.23,1292.65,3.76
126,Entry Long,buy,2019-01-02 06:00,3938.71,8.712407,-1325.71,-3.86,31035.48,-4.08,421.43,1.23,1292.65,3.76
125,Exit Long,sell,2018-12-25 09:00,3959.38,8.229897,4252.76,15.03,32361.19,15.08,6575.81,23.24,34.44,0.12
125,Entry Long,buy,2018-12-18 03:00,3435.24,8.229897,4252.76,15.03,32361.19,15.08,6575.81,23.24,34.44,0.12
124,Exit Short,exit_short,2018-12-17 21:00,3358.08,3.33832,581.74,4.92,28108.43,2.11,1368.05,11.57,342.34,2.89
124,Entry Short,enter_short,2018-12-07 06:00,3539.24,3.33832,581.74,4.92,28108.43,2.11,1368.05,11.57,342.34,2.89
123,Exit Long,sell,2018-11-30 18:00,3952.83,3.617606,-1457.86,-9.26,27526.68,-5.01,240.25,1.53,1443.56,9.17
123,Entry Long,buy,2018-11-29 03:00,4347.52,3.617606,-1457.86,-9.26,27526.68,-5.01,240.25,1.53,1443.56,9.17
122,Exit Short,exit_short,2018-11-19 21:00,5050.69,10.255556,12832.94,19.80,28984.54,78.96,12884.74,19.88,787.66,1.22
122,Entry Short,enter_short,2018-11-12 00:00,6313.37,10.255556,12832.94,19.80,28984.54,78.96,12884.74,19.88,787.66,1.22
121,Exit Long,sell,2018-11-09 00:00,6440.97,15.375486,-173.13,-0.17,16151.60,-1.05,1492.66,1.51,769.23,0.78
121,Entry Long,buy,2018-11-06 18:00,6439.35,15.375486,-173.13,-0.17,16151.60,-1.05,1492.66,1.51,769.23,0.78
120,Exit Long,sell,2018-11-06 03:00,6387.60,15.230801,308.85,0.32,16324.74,1.92,1574.95,1.63,0,0.00
120,Entry Long,buy,2018-11-05 00:00,6354.58,15.230801,308.85,0.32,16324.74,1.92,1574.95,1.63,0,0.00
119,Exit Short,exit_short,2018-11-01 00:00,6312.72,18.938351,985.93,0.82,16015.89,6.52,3198.55,2.65,0,0.00
119,Entry Short,enter_short,2018-10-29 18:00,6377.47,18.938351,985.93,0.82,16015.89,6.52,3198.55,2.65,0,0.00
118,Exit Long,sell,2018-10-26 18:00,6422.51,14.661324,-487.57,-0.52,15029.96,-3.12,5.97,0.01,393.41,0.42
118,Entry Long,buy,2018-10-26 15:00,6442.90,14.661324,-487.57,-0.52,15029.96,-3.12,5.97,0.01,393.41,0.42
117,Exit Long,sell,2018-10-24 18:00,6422.51,15.008886,-398.02,-0.41,15517.53,-2.49,379.63,0.39,301.62,0.31
117,Entry Long,buy,2018-10-24 12:00,6436.17,15.008886,-398.02,-0.41,15517.53,-2.49,379.63,0.39,301.62,0.31
116,Exit Long,sell,2018-10-15 18:00,6405.12,5.257752,-714.76,-2.08,15915.55,-4.27,1305.61,3.80,682.24,1.99
116,Entry Long,buy,2018-10-15 15:00,6528.13,5.257752,-714.76,-2.08,15915.55,-4.27,1305.61,3.80,682.24,1.99
115,Exit Short,exit_short,2018-10-15 12:00,6336.99,12.030858,1028.61,1.33,16630.30,6.55,4477.82,5.78,0,0.00
115,Entry Short,enter_short,2018-10-11 09:00,6435.26,12.030858,1028.61,1.33,16630.30,6.55,4477.82,5.78,0,0.00
114,Exit Long,sell,2018-10-09 15:00,6590.01,14.351036,74.03,0.08,15601.69,0.47,1249.66,1.32,490.26,0.52
114,Entry Long,buy,2018-10-08 06:00,6571.69,14.351036,74.03,0.08,15601.69,0.47,1249.66,1.32,490.26,0.52
113,Exit Long,sell,2018-10-06 18:00,6515.47,15.276463,-968.55,-0.96,15527.66,-5.84,371.74,0.37,869.01,0.87
113,Entry Long,buy,2018-10-06 06:00,6565.79,15.276463,-968.55,-0.96,15527.66,-5.84,371.74,0.37,869.01,0.87
112,Exit Long,sell,2018-09-28 18:00,6543.50,7.982563,-1085.47,-2.04,16496.21,-6.14,277.58,0.52,1033.23,1.94
112,Entry Long,buy,2018-09-28 15:00,6666.27,7.982563,-1085.47,-2.04,16496.21,-6.14,277.58,0.52,1033.23,1.94
111,Exit Long,sell,2018-09-25 06:00,6561.85,8.06979,475.30,0.91,17581.68,2.76,1928.28,3.68,131.86,0.25
111,Entry Long,buy,2018-09-21 06:00,6489.90,8.06979,475.30,0.91,17581.68,2.76,1928.28,3.68,131.86,0.25
110,Exit Short,exit_short,2018-09-20 03:00,6362.92,8.656861,-1136.71,-2.10,17106.38,-6.20,395.32,0.73,1081.62,2.00
110,Entry Short,enter_short,2018-09-20 03:00,6244.22,8.656861,-1136.71,-2.10,17106.38,-6.20,395.32,0.73,1081.62,2.00
109,Exit Short,exit_short,2018-09-17 00:00,6469.88,2.596488,426.09,2.47,18243.09,2.38,1165.62,6.75,0,0.00
109,Entry Short,enter_short,2018-09-06 09:00,6647.10,2.596488,426.09,2.47,18243.09,2.38,1165.62,6.75,0,0.00
108,Exit Long,sell,2018-09-05 18:00,7154.53,5.020179,194.35,0.54,17817.00,1.10,1483.61,4.16,0,0.00
108,Entry Long,buy,2018-09-01 21:00,7101.56,5.020179,194.35,0.54,17817.00,1.10,1483.61,4.16,0,0.00
107,Exit Long,sell,2018-08-30 18:00,6857.35,2.612901,202.20,1.14,17622.65,1.15,923.51,5.22,165.94,0.94
107,Entry Long,buy,2018-08-27 21:00,6766.34,2.612901,202.20,1.14,17622.65,1.15,923.51,5.22,165.94,0.94
106,Exit Long,sell,2018-08-23 00:00,6576.22,8.21616,-217.69,-0.40,17420.44,-1.23,2525.24,4.66,163.66,0.30
106,Entry Long,buy,2018-08-22 09:00,6589.55,8.21616,-217.69,-0.40,17420.44,-1.23,2525.24,4.66,163.66,0.30
105,Exit Long,sell,2018-08-20 15:00,6430.29,2.734504,-515.44,-2.85,17638.14,-2.82,6.00,0.03,830.21,4.59
105,Entry Long,buy,2018-08-18 09:00,6605.75,2.734504,-515.44,-2.85,17638.14,-2.82,6.00,0.03,830.21,4.59
104,Exit Long,sell,2018-08-16 06:00,6270.87,2.969164,-777.95,-4.01,18153.58,-4.09,309.18,1.60,759.33,3.92
104,Entry Long,buy,2018-08-16 00:00,6520.09,2.969164,-777.95,-4.01,18153.58,-4.09,309.18,1.60,759.33,3.92
103,Exit Short,exit_short,2018-08-14 09:00,5965.72,1.712672,2531.34,19.80,18931.53,15.34,2541.56,19.88,145.71,1.14
103,Entry Short,enter_short,2018-08-03 09:00,7457.15,1.712672,2531.34,19.80,18931.53,15.34,2541.56,19.88,145.71,1.14
102,Exit Long,sell,2018-07-27 06:00,7917.50,4.183906,1021.90,3.19,16400.19,6.60,3415.08,10.65,240.61,0.75
102,Entry Long,buy,2018-07-23 09:00,7657.68,4.183906,1021.90,3.19,16400.19,6.60,3415.08,10.65,240.61,0.75
101,Exit Long,sell,2018-07-23 06:00,7456.95,4.137501,2608.49,9.25,15378.29,20.27,3573.26,12.66,0,0.00
101,Entry Long,buy,2018-07-18 00:00,6812.23,4.137501,2608.49,9.25,15378.29,20.27,3573.26,12.66,0,0.00
100,Exit Short,exit_short,2018-07-16 18:00,6431.53,2.06875,-339.61,-2.61,12769.80,-2.57,413.69,3.18,326.30,2.51
100,Entry Short,enter_short,2018-07-11 06:00,6280.08,2.06875,-339.61,-2.61,12769.80,-2.57,413.69,3.18,326.30,2.51
99,Exit Long,sell,2018-07-10 06:00,6653.54,6.4472,-806.92,-1.85,13109.41,-5.76,420.26,0.96,764.03,1.75
99,Entry Long,buy,2018-07-08 06:00,6765.28,6.4472,-806.92,-1.85,13109.41,-5.76,420.26,0.96,764.03,1.75
98,Exit Long,sell,2018-07-06 03:00,6534.68,2.299584,454.77,3.12,13916.34,3.35,1057.57,7.26,322.82,2.22
98,Entry Long,buy,2018-06-30 06:00,6324.06,2.299584,454.77,3.12,13916.34,3.35,1057.57,7.26,322.82,2.22
97,Exit Short,exit_short,2018-06-25 21:00,6270.80,1.931157,-261.11,-2.20,13461.57,-1.89,755.67,6.36,249.00,2.10
97,Entry Short,enter_short,2018-06-22 21:00,6148.01,1.931157,-261.11,-2.20,13461.57,-1.89,755.67,6.36,249.00,2.10
96,Exit Short,exit_short,2018-06-21 00:00,6786.86,3.260733,1600.70,6.73,13722.68,13.10,3780.94,15.89,167.35,0.70
96,Entry Short,enter_short,2018-06-10 09:00,7291.84,3.260733,1600.70,6.73,13722.68,13.10,3780.94,15.89,167.35,0.70
95,Exit Short,exit_short,2018-06-02 15:00,7623.39,1.332904,414.73,3.91,12121.98,3.51,1191.88,11.24,117.58,1.11
95,Entry Short,enter_short,2018-05-23 06:00,7950.11,1.332904,414.73,3.91,12121.98,3.51,1191.88,11.24,117.58,1.11
94,Exit Short,exit_short,2018-05-21 21:00,8503.00,1.097591,362.17,3.72,11707.25,3.16,1003.59,10.32,53.43,0.55
94,Entry Short,enter_short,2018-05-11 15:00,8850.32,1.097591,362.17,3.72,11707.25,3.16,1003.59,10.32,53.43,0.55
93,Exit Long,sell,2018-05-06 21:00,9398.19,2.494315,-307.90,-1.30,11345.08,-2.62,1084.65,4.57,284.46,1.20
93,Entry Long,buy,2018-05-04 00:00,9502.73,2.494315,-307.90,-1.30,11345.08,-2.62,1084.65,4.57,284.46,1.20
92,Exit Long,sell,2018-04-25 18:00,9031.37,2.468508,1542.52,7.44,11652.98,15.11,3358.36,16.20,441.69,2.13
92,Entry Long,buy,2018-04-20 09:00,8389.07,2.468508,1542.52,7.44,11652.98,15.11,3358.36,16.20,441.69,2.13
91,Exit Long,sell,2018-04-18 03:00,8046.30,1.322406,1164.30,12.30,10110.46,12.87,1661.28,17.55,0,0.00
91,Entry Long,buy,2018-04-12 18:00,7150.66,1.322406,1164.30,12.30,10110.46,12.87,1661.28,17.55,0,0.00
90,Exit Short,exit_short,2018-04-09 06:00,7008.68,0.532311,231.70,5.83,8946.16,2.63,536.86,13.51,54.52,1.37
90,Entry Short,enter_short,2018-03-29 21:00,7458.42,0.532311,231.70,5.83,8946.16,2.63,536.86,13.51,54.52,1.37
89,Exit Long,sell,2018-03-24 21:00,8716.48,0.668185,-12.89,-0.22,8714.46,-0.15,304.65,5.22,302.38,5.19
89,Entry Long,buy,2018-03-21 00:00,8718.33,0.668185,-12.89,-0.22,8714.46,-0.15,304.65,5.22,302.38,5.19
88,Exit Short,exit_short,2018-03-18 21:00,7533.42,0.361494,674.69,19.80,8727.35,8.28,677.42,19.88,175.97,5.16
88,Entry Short,enter_short,2018-03-09 00:00,9416.77,0.361494,674.69,19.80,8727.35,8.28,677.42,19.88,175.97,5.16
87,Exit Short,exit_short,2018-02-27 15:00,10512.73,0.367069,-427.43,-12.42,8052.65,-4.98,19.41,0.56,423.57,12.31
87,Entry Short,enter_short,2018-02-26 00:00,9368.18,0.367069,-427.43,-12.42,8052.65,-4.98,19.41,0.56,423.57,12.31
86,Exit Long,sell,2018-02-21 00:00,11721.37,0.606876,1607.83,29.24,8480.08,23.06,1614.94,29.37,0,0.00
86,Entry Long,buy,2018-02-14 21:00,9051.25,0.606876,1607.83,29.24,8480.08,23.06,1614.94,29.37,0,0.00
85,Exit Long,sell,2018-02-12 06:00,8147.72,0.269161,-145.36,-6.22,6872.25,-2.04,106.76,4.57,225.46,9.65
85,Entry Long,buy,2018-02-10 00:00,8670.94,0.269161,-145.36,-6.22,6872.25,-2.04,106.76,4.57,225.46,9.65
84,Exit Short,exit_short,2018-02-06 12:00,6093.25,0.161009,243.06,19.80,7017.61,3.54,244.04,19.88,30.38,2.47
84,Entry Short,enter_short,2018-02-05 18:00,7616.56,0.161009,243.06,19.80,7017.61,3.54,244.04,19.88,30.38,2.47
83,Exit Short,exit_short,2018-02-02 18:00,7992.92,0.214436,424.64,19.80,6774.55,6.58,426.35,19.88,71.27,3.32
83,Entry Short,enter_short,2018-01-31 03:00,9991.15,0.214436,424.64,19.80,6774.55,6.58,426.35,19.88,71.27,3.32
82,Exit Long,sell,2018-01-29 15:00,11091.08,0.410518,-257.85,-5.36,6349.92,-3.84,63.52,1.32,253.30,5.27
82,Entry Long,buy,2018-01-28 12:00,11696.41,0.410518,-257.85,-5.36,6349.92,-3.84,63.52,1.32,253.30,5.27
81,Exit Short,exit_short,2018-01-17 06:00,10339.67,0.136904,350.70,19.80,6607.77,5.52,352.12,19.88,279.50,15.78
81,Entry Short,enter_short,2018-01-11 12:00,12924.59,0.136904,350.70,19.80,6607.77,5.52,352.12,19.88,279.50,15.78
80,Exit Long,sell,2018-01-08 09:00,15740.55,0.246184,155.43,4.18,6257.07,2.51,519.57,13.98,206.37,5.55
80,Entry Long,buy,2018-01-03 03:00,15078.37,0.246184,155.43,4.18,6257.07,2.51,519.57,13.98,206.37,5.55
79,Exit Long,sell,2017-12-28 09:00,14606.80,0.12668,-179.11,-8.83,6101.64,-2.81,61.41,3.03,184.15,9.08
79,Entry Long,buy,2017-12-27 00:00,15990.10,0.12668,-179.11,-8.83,6101.64,-2.81,61.41,3.03,184.15,9.08
78,Exit Short,exit_short,2017-12-22 21:00,12008.45,0.120336,358.01,19.80,6280.75,5.94,359.46,19.88,94.15,5.21
78,Entry Short,enter_short,2017-12-22 00:00,15010.57,0.120336,358.01,19.80,6280.75,5.94,359.46,19.88,94.15,5.21
77,Exit Long,sell,2017-12-19 18:00,17990.38,0.140302,104.18,4.31,5922.74,1.76,358.52,14.83,201.86,8.35
77,Entry Long,buy,2017-12-12 03:00,17212.65,0.140302,104.18,4.31,5922.74,1.76,358.52,14.83,201.86,8.35
76,Exit Long,sell,2017-12-07 18:00,14762.34,0.233037,777.57,29.24,5818.56,15.12,781.01,29.37,187.73,7.06
76,Entry Long,buy,2017-12-03 18:00,11399.49,0.233037,777.57,29.24,5818.56,15.12,781.01,29.37,187.73,7.06
75,Exit Long,sell,2017-11-29 12:00,10793.56,0.785542,1916.43,29.24,5040.99,59.43,1924.91,29.37,0,0.00
75,Entry Long,buy,2017-11-25 15:00,8334.80,0.785542,1916.43,29.24,5040.99,59.43,1924.91,29.37,0,0.00
74,Exit Long,sell,2017-11-24 06:00,8032.92,0.19747,180.27,12.84,3124.56,5.92,246.41,17.55,1.84,0.13
74,Entry Long,buy,2017-11-15 21:00,7104.87,0.19747,180.27,12.84,3124.56,5.92,246.41,17.55,1.84,0.13
73,Exit Short,exit_short,2017-11-13 21:00,6657.89,0.217161,-62.07,-4.47,2944.28,-2.00,189.87,13.68,60.63,4.37
73,Entry Short,enter_short,2017-11-11 21:00,6385.09,0.217161,-62.07,-4.47,2944.28,-2.00,189.87,13.68,60.63,4.37
72,Exit Long,sell,2017-11-09 03:00,7411.71,0.42355,-73.79,-2.30,3006.36,-2.32,118.97,3.71,70.65,2.20
72,Entry Long,buy,2017-11-09 00:00,7570.95,0.42355,-73.79,-2.30,3006.36,-2.32,118.97,3.71,70.65,2.20
71,Exit Long,sell,2017-11-07 00:00,7080.43,0.460512,506.52,18.41,3080.15,18.94,747.18,27.16,13.57,0.49
71,Entry Long,buy,2017-10-30 00:00,5967.48,0.460512,506.52,18.41,3080.15,18.94,747.18,27.16,13.57,0.49
70,Exit Long,sell,2017-10-23 21:00,5657.07,0.462942,-52.23,-1.96,2573.63,-1.92,192.78,7.22,49.61,1.86
70,Entry Long,buy,2017-10-20 21:00,5758.47,0.462942,-52.23,-1.96,2573.63,-1.92,192.78,7.22,49.61,1.86
69,Exit Long,sell,2017-10-13 09:00,5694.88,0.997423,1283.88,29.24,2625.86,89.04,1289.56,29.37,0,0.00
69,Entry Long,buy,2017-10-08 06:00,4397.59,0.997423,1283.88,29.24,2625.86,89.04,1289.56,29.37,0,0.00
68,Exit Long,sell,2017-10-03 21:00,4251.94,0.340558,101.49,7.55,1341.98,7.57,173.80,12.92,33.04,2.46
68,Entry Long,buy,2017-09-26 06:00,3945.73,0.340558,101.49,7.55,1341.98,7.57,173.80,12.92,33.04,2.46
67,Exit Long,sell,2017-09-21 09:00,3817.74,0.144816,-22.89,-3.98,1240.49,-1.68,21.31,3.70,22.34,3.88
67,Entry Long,buy,2017-09-18 18:00,3968.05,0.144816,-22.89,-3.98,1240.49,-1.68,21.31,3.70,22.34,3.88
66,Exit Short,exit_short,2017-09-15 03:00,3301.61,0.156479,128.00,19.80,1263.38,10.36,128.51,19.88,40.29,6.23
66,Entry Short,enter_short,2017-09-10 15:00,4127.01,0.156479,128.00,19.80,1263.38,10.36,128.51,19.88,40.29,6.23
65,Exit Long,sell,2017-09-08 21:00,4404.75,0.25111,-72.25,-6.14,1135.39,-5.52,0,0.00,71.14,6.04
65,Entry Long,buy,2017-09-08 18:00,4683.37,0.25111,-72.25,-6.14,1135.39,-5.52,0,0.00,71.14,6.04
64,Exit Short,exit_short,2017-09-06 09:00,4516.13,0.196423,-60.74,-7.33,1207.63,-4.44,21.09,2.54,59.86,7.22
64,Entry Short,enter_short,2017-09-05 00:00,4215.61,0.196423,-60.74,-7.33,1207.63,-4.44,21.09,2.54,59.86,7.22
63,Exit Long,sell,2017-09-02 18:00,4636.84,0.572238,114.18,4.50,1268.38,9.10,311.04,12.26,0,0.00
63,Entry Long,buy,2017-08-29 21:00,4428.25,0.572238,114.18,4.50,1268.38,9.10,311.04,12.26,0,0.00
62,Exit Long,sell,2017-08-28 12:00,4274.10,0.213524,4.28,0.47,1154.20,0.34,43.44,4.79,35.81,3.95
62,Entry Long,buy,2017-08-24 00:00,4245.54,0.213524,4.28,0.47,1154.20,0.34,43.44,4.79,35.81,3.95
61,Exit Long,sell,2017-08-19 00:00,4156.37,0.208325,-54.40,-5.92,1149.92,-4.17,12.95,1.41,53.54,5.82
61,Entry Long,buy,2017-08-17 18:00,4408.94,0.208325,-54.40,-5.92,1149.92,-4.17,12.95,1.41,53.54,5.82
60,Exit Long,sell,2017-08-12 15:00,3766.23,0.351608,299.31,29.24,1204.32,29.78,300.64,29.37,0,0.00
60,Entry Long,buy,2017-08-05 09:00,2908.29,0.351608,299.31,29.24,1204.32,29.78,300.64,29.37,0,0.00
59,Exit Long,sell,2017-08-01 15:00,2742.89,0.338634,-22.63,-2.38,905.01,-2.20,42.77,4.50,21.70,2.28
59,Entry Long,buy,2017-08-01 03:00,2804.17,0.338634,-22.63,-2.38,905.01,-2.20,42.77,4.50,21.70,2.28
58,Exit Long,sell,2017-07-30 12:00,2628.97,0.320848,-54.94,-6.12,927.64,-5.07,10.14,1.13,54.09,6.03
58,Entry Long,buy,2017-07-28 18:00,2794.77,0.320848,-54.94,-6.12,927.64,-5.07,10.14,1.13,54.09,6.03
57,Exit Long,sell,2017-07-25 18:00,2639.36,0.20536,56.90,11.74,982.58,5.55,120.21,24.81,28.46,5.87
57,Entry Long,buy,2017-07-19 00:00,2357.28,0.20536,56.90,11.74,982.58,5.55,120.21,24.81,28.46,5.87
56,Exit Short,exit_short,2017-07-16 21:00,1812.14,0.290077,130.23,19.80,925.68,14.54,130.76,19.88,6.47,0.98
56,Entry Short,enter_short,2017-07-14 21:00,2265.17,0.290077,130.23,19.80,925.68,14.54,130.76,19.88,6.47,0.98
55,Exit Short,exit_short,2017-07-13 12:00,2415.30,0.363701,-8.69,-1.00,795.45,-0.96,55.15,6.32,13.59,1.56
55,Entry Short,enter_short,2017-07-10 21:00,2396.22,0.363701,-8.69,-1.00,795.45,-0.96,55.15,6.32,13.59,1.56
54,Exit Long,sell,2017-07-07 21:00,2538.49,0.745872,-29.59,-1.54,804.13,-3.17,45.34,2.36,36.56,1.90
54,Entry Long,buy,2017-07-03 21:00,2573.05,0.745872,-29.59,-1.54,804.13,-3.17,45.34,2.36,36.56,1.90
53,Exit Short,exit_short,2017-06-28 06:00,2500.00,0.282335,-40.40,-6.05,833.72,-4.15,25.00,3.75,39.70,5.95
53,Entry Short,enter_short,2017-06-27 03:00,2361.76,0.282335,-40.40,-6.05,833.72,-4.15,25.00,3.75,39.70,5.95
52,Exit Short,exit_short,2017-06-16 18:00,2502.11,0.225369,-6.27,-1.12,874.13,-0.64,89.72,16.04,7.13,1.27
52,Entry Short,enter_short,2017-06-15 06:00,2479.25,0.225369,-6.27,-1.12,874.13,-0.64,89.72,16.04,7.13,1.27
51,Exit Long,sell,2017-06-12 18:00,2805.78,0.352438,-36.28,-3.54,880.40,-3.57,23.83,2.33,36.14,3.53
51,Entry Long,buy,2017-06-10 21:00,2903.01,0.352438,-36.28,-3.54,880.40,-3.57,23.83,2.33,36.14,3.53
50,Exit Long,sell,2017-06-08 06:00,2689.98,0.230928,81.76,15.18,916.68,8.75,137.35,25.49,13.02,2.42
50,Entry Long,buy,2017-06-01 03:00,2330.89,0.230928,81.76,15.18,916.68,8.75,137.35,25.49,13.02,2.42
49,Exit Long,sell,2017-05-26 00:00,2374.73,0.257941,40.96,7.17,834.92,4.58,139.62,24.45,3.96,0.69
49,Entry Long,buy,2017-05-23 21:00,2211.34,0.257941,40.96,7.17,834.92,4.58,139.62,24.45,3.96,0.69
48,Exit Long,sell,2017-05-23 06:00,2025.93,0.360381,13.73,1.92,793.95,1.56,90.29,12.62,10.18,1.42
48,Entry Long,buy,2017-05-20 12:00,1983.81,0.360381,13.73,1.92,793.95,1.56,90.29,12.62,10.18,1.42
47,Exit Long,sell,2017-05-18 18:00,1818.36,0.49449,8.15,0.92,780.22,0.93,103.23,11.60,3.94,0.44
47,Entry Long,buy,2017-05-17 12:00,1798.26,0.49449,8.15,0.92,780.22,0.93,103.23,11.60,3.94,0.44
46,Exit Long,sell,2017-05-13 03:00,1721.22,0.513148,53.75,6.49,772.07,6.57,139.96,16.89,11.39,1.37
46,Entry Long,buy,2017-05-08 12:00,1613.14,0.513148,53.75,6.49,772.07,6.57,139.96,16.89,11.39,1.37
45,Exit Long,sell,2017-05-08 06:00,1547.23,0.352371,-24.34,-4.28,718.32,-2.89,0,0.00,36.37,6.39
45,Entry Long,buy,2017-05-05 15:00,1613.14,0.352371,-24.34,-4.28,718.32,-2.89,0,0.00,36.37,6.39
44,Exit Long,sell,2017-05-05 06:00,1492.65,1.432122,219.42,11.45,742.66,35.21,429.91,22.44,18.30,0.95
44,Entry Long,buy,2017-04-29 06:00,1336.61,1.432122,219.42,11.45,742.66,35.21,429.91,22.44,18.30,0.95
43,Exit Long,sell,2017-04-28 18:00,1311.42,2.239358,161.69,5.83,523.24,35.03,277.02,9.99,3.46,0.12
43,Entry Long,buy,2017-04-23 15:00,1236.67,2.239358,161.69,5.83,523.24,35.03,277.02,9.99,3.46,0.12
42,Exit Long,sell,2017-04-23 12:00,1235.51,2.22264,6.52,0.24,361.56,1.43,39.21,1.43,0,0.00
42,Entry Long,buy,2017-04-23 00:00,1230.11,2.22264,6.52,0.24,361.56,1.43,39.21,1.43,0,0.00
41,Exit Long,sell,2017-04-22 21:00,1224.48,0.17159,4.81,2.35,355.03,1.07,10.28,5.01,0.22,0.11
41,Entry Long,buy,2017-04-18 09:00,1194.01,0.17159,4.81,2.35,355.03,1.07,10.28,5.01,0.22,0.11
40,Exit Short,exit_short,2017-04-16 06:00,909.83,0.973996,219.55,19.80,350.22,95.18,220.44,19.88,0,0.00
40,Entry Short,enter_short,2017-04-16 06:00,1137.29,0.973996,219.55,19.80,350.22,95.18,220.44,19.88,0,0.00
39,Exit Long,sell,2017-04-13 15:00,1211.87,1.157523,-3.15,-0.22,130.67,-1.35,0,0.00,1.75,0.12
39,Entry Long,buy,2017-04-13 15:00,1212.17,1.157523,-3.15,-0.22,130.67,-1.35,0,0.00,1.75,0.12
38,Exit Long,sell,2017-04-13 12:00,1211.87,1.036364,29.86,2.44,133.82,14.64,51.60,4.21,4.99,0.41
38,Entry Long,buy,2017-04-09 06:00,1180.67,1.036364,29.86,2.44,133.82,14.64,51.60,4.21,4.99,0.41
37,Exit Long,sell,2017-04-09 03:00,1170.89,0.92302,29.34,2.79,103.97,16.80,62.36,5.94,0,0.00
37,Entry Long,buy,2017-04-06 09:00,1136.79,0.92302,29.34,2.79,103.97,16.80,62.36,5.94,0,0.00
36,Exit Long,sell,2017-04-06 00:00,1121.14,0.156648,14.23,8.82,74.62,8.87,20.77,12.88,3.16,1.96
36,Entry Long,buy,2017-03-28 00:00,1028.18,0.156648,14.23,8.82,74.62,8.87,20.77,12.88,3.16,1.96
35,Exit Short,exit_short,2017-03-27 21:00,1014.02,0.069941,-3.78,-5.62,60.40,-2.30,5.01,7.44,3.71,5.51
35,Entry Short,enter_short,2017-03-25 03:00,961.92,0.069941,-3.78,-5.62,60.40,-2.30,5.01,7.44,3.71,5.51
34,Exit Short,exit_short,2017-03-21 21:00,1092.05,0.060788,-5.69,-9.35,64.18,-3.35,3.68,6.05,5.63,9.24
34,Entry Short,enter_short,2017-03-18 21:00,1000.50,0.060788,-5.69,-9.35,64.18,-3.35,3.68,6.05,5.63,9.24
33,Exit Long,sell,2017-03-16 18:00,1222.39,0.287902,-11.33,-3.12,69.87,-6.25,0.37,0.10,11.35,3.13
33,Entry Long,buy,2017-03-16 09:00,1259.25,0.287902,-11.33,-3.12,69.87,-6.25,0.37,0.10,11.35,3.13
32,Exit Short,exit_short,2017-03-11 09:00,1130.24,0.138807,2.72,1.70,81.20,1.52,24.08,15.04,0,0.00
32,Entry Short,enter_short,2017-03-11 06:00,1152.12,0.138807,2.72,1.70,81.20,1.52,24.08,15.04,0,0.00
31,Exit Long,sell,2017-03-11 00:00,1241.04,0.329323,-7.89,-1.90,78.48,-4.23,22.13,5.32,7.48,1.80
31,Entry Long,buy,2017-03-10 21:00,1262.50,0.329323,-7.89,-1.90,78.48,-4.23,22.13,5.32,7.48,1.80
30,Exit Short,exit_short,2017-03-10 00:00,1186.78,0.329323,-9.01,-2.35,86.37,-4.61,10.37,2.71,8.62,2.25
30,Entry Short,enter_short,2017-03-09 03:00,1161.77,0.329323,-9.01,-2.35,86.37,-4.61,10.37,2.71,8.62,2.25
29,Exit Long,sell,2017-03-07 18:00,1271.23,0.462614,0.58,0.10,95.38,0.30,7.33,1.25,10.94,1.86
29,Entry Long,buy,2017-03-05 06:00,1267.43,0.462614,0.58,0.10,95.38,0.30,7.33,1.25,10.94,1.86
28,Exit Long,sell,2017-03-05 00:00,1238.95,0.441867,18.84,3.57,94.80,10.70,43.01,8.15,3.03,0.57
28,Entry Long,buy,2017-03-01 12:00,1193.89,0.441867,18.84,3.57,94.80,10.70,43.01,8.15,3.03,0.57
27,Exit Long,sell,2017-03-01 09:00,1163.54,0.483439,-13.91,-2.42,75.96,-7.33,9.47,1.64,13.35,2.32
27,Entry Long,buy,2017-02-27 09:00,1189.96,0.483439,-13.91,-2.42,75.96,-7.33,9.47,1.64,13.35,2.32
26,Exit Long,sell,2017-02-26 00:00,1148.35,0.169092,-7.43,-3.69,89.87,-3.77,2.25,1.11,7.24,3.59
26,Entry Long,buy,2017-02-24 21:00,1189.96,0.169092,-7.43,-3.69,89.87,-3.77,2.25,1.11,7.24,3.59
25,Exit Long,sell,2017-02-24 18:00,1141.51,0.174781,-8.88,-4.26,97.30,-4.30,0,0.00,8.68,4.17
25,Entry Long,buy,2017-02-24 18:00,1189.96,0.174781,-8.88,-4.26,97.30,-4.30,0,0.00,8.68,4.17
24,Exit Long,sell,2017-02-24 15:00,1141.51,0.787024,68.10,8.21,106.18,49.32,126.80,15.29,1.49,0.18
24,Entry Long,buy,2017-02-20 15:00,1052.79,0.787024,68.10,8.21,106.18,49.32,126.80,15.29,1.49,0.18
23,Exit Long,sell,2017-02-20 12:00,1048.05,0.679306,23.59,3.43,38.08,20.61,38.81,5.64,5.14,0.75
23,Entry Long,buy,2017-02-15 00:00,1011.26,0.679306,23.59,3.43,38.08,20.61,38.81,5.64,5.14,0.75
22,Exit Long,sell,2017-02-09 21:00,1052.12,0.679942,-5.38,-0.75,14.49,-4.49,13.04,1.81,4.72,0.66
22,Entry Long,buy,2017-02-09 03:00,1057.92,0.679942,-5.38,-0.75,14.49,-4.49,13.04,1.81,4.72,0.66
21,Exit Long,sell,2017-02-09 00:00,1044.43,0.697871,-1.46,-0.20,19.87,-1.20,0,0.00,0.73,0.10
21,Entry Long,buy,2017-02-09 00:00,1044.43,0.697871,-1.46,-0.20,19.87,-1.20,0,0.00,0.73,0.10
20,Exit Long,sell,2017-02-08 18:00,1042.50,0.718241,-2.89,-0.38,21.32,-2.32,0.92,0.12,2.14,0.28
20,Entry Long,buy,2017-02-08 18:00,1044.43,0.718241,-2.89,-0.38,21.32,-2.32,0.92,0.12,2.14,0.28
19,Exit Long,sell,2017-02-08 15:00,1042.50,0.647594,14.73,2.23,24.21,13.46,32.84,4.98,1.84,0.28
19,Entry Long,buy,2017-02-06 09:00,1017.69,0.647594,14.73,2.23,24.21,13.46,32.84,4.98,1.84,0.28
18,Exit Long,sell,2017-02-06 06:00,1009.28,0.693934,-7.24,-1.02,9.48,-6.21,0.44,0.06,6.54,0.93
18,Entry Long,buy,2017-02-06 03:00,1017.69,0.693934,-7.24,-1.02,9.48,-6.21,0.44,0.06,6.54,0.93
17,Exit Long,sell,2017-02-06 00:00,1008.32,0.295965,26.14,9.61,16.72,28.86,36.61,13.46,0.30,0.11
17,Entry Long,buy,2017-01-30 21:00,918.07,0.295965,26.14,9.61,16.72,28.86,36.61,13.46,0.30,0.11
16,Exit Long,sell,2017-01-30 18:00,916.84,0.298764,-0.82,-0.30,-9.42,-0.90,0.19,0.07,0.55,0.20
16,Entry Long,buy,2017-01-30 12:00,917.75,0.298764,-0.82,-0.30,-9.42,-0.90,0.19,0.07,0.55,0.20
15,Exit Long,sell,2017-01-30 09:00,915.25,0.407749,-2.29,-0.61,-8.60,-2.44,1.52,0.40,2.06,0.55
15,Entry Long,buy,2017-01-27 21:00,919.02,0.407749,-2.29,-0.61,-8.60,-2.44,1.52,0.40,2.06,0.55
14,Exit Long,sell,2017-01-27 18:00,916.68,0.620056,-1.14,-0.20,-6.32,-1.20,0,0.00,0.57,0.10
14,Entry Long,buy,2017-01-27 18:00,916.68,0.620056,-1.14,-0.20,-6.32,-1.20,0,0.00,0.57,0.10
13,Exit Long,sell,2017-01-27 15:00,913.65,0.630878,-1.15,-0.20,-5.18,-1.20,0,0.00,0.58,0.10
13,Entry Long,buy,2017-01-27 15:00,913.65,0.630878,-1.15,-0.20,-5.18,-1.20,0,0.00,0.58,0.10
12,Exit Long,sell,2017-01-27 12:00,915.25,0.637063,-1.17,-0.20,-4.03,-1.20,0,0.00,0.58,0.10
12,Entry Long,buy,2017-01-27 12:00,915.25,0.637063,-1.17,-0.20,-4.03,-1.20,0,0.00,0.58,0.10
11,Exit Long,sell,2017-01-27 09:00,916.34,0.64394,-1.18,-0.20,-2.86,-1.20,0,0.00,0.59,0.10
11,Entry Long,buy,2017-01-27 09:00,916.34,0.64394,-1.18,-0.20,-2.86,-1.20,0,0.00,0.59,0.10
10,Exit Long,sell,2017-01-27 06:00,915.10,0.652832,-1.19,-0.20,-1.68,-1.20,0,0.00,0.60,0.10
10,Entry Long,buy,2017-01-27 06:00,915.10,0.652832,-1.19,-0.20,-1.68,-1.20,0,0.00,0.60,0.10
9,Exit Long,sell,2017-01-27 03:00,915.62,0.660061,-1.21,-0.20,-0.49,-1.20,0,0.00,0.60,0.10
9,Entry Long,buy,2017-01-27 03:00,915.62,0.660061,-1.21,-0.20,-0.49,-1.20,0,0.00,0.60,0.10
8,Exit Long,sell,2017-01-27 00:00,915.10,0.66906,-1.22,-0.20,0.72,-1.20,0,0.00,0.61,0.10
8,Entry Long,buy,2017-01-27 00:00,915.10,0.66906,-1.22,-0.20,0.72,-1.20,0,0.00,0.61,0.10
7,Exit Long,sell,2017-01-24 18:00,915.83,0.675919,-1.24,-0.20,1.95,-1.20,0,0.00,0.62,0.10
7,Entry Long,buy,2017-01-24 18:00,915.83,0.675919,-1.24,-0.20,1.95,-1.20,0,0.00,0.62,0.10
6,Exit Long,sell,2017-01-24 15:00,918.67,0.682302,-1.25,-0.20,3.18,-1.20,0,0.00,0.63,0.10
6,Entry Long,buy,2017-01-24 15:00,918.67,0.682302,-1.25,-0.20,3.18,-1.20,0,0.00,0.63,0.10
5,Exit Long,sell,2017-01-24 12:00,915.10,0.697307,-1.28,-0.20,4.44,-1.21,0,0.00,0.64,0.10
5,Entry Long,buy,2017-01-24 12:00,915.10,0.697307,-1.28,-0.20,4.44,-1.21,0,0.00,0.64,0.10
4,Exit Long,sell,2017-01-24 09:00,915.46,0.701362,-1.28,-0.20,5.71,-1.20,0,0.00,0.64,0.10
4,Entry Long,buy,2017-01-24 09:00,915.46,0.701362,-1.28,-0.20,5.71,-1.20,0,0.00,0.64,0.10
3,Exit Long,sell,2017-01-24 06:00,918.96,0.696777,1.41,0.22,7.00,1.34,8.57,1.34,1.18,0.19
3,Entry Long,buy,2017-01-23 00:00,915.10,0.696777,1.41,0.22,7.00,1.34,8.57,1.34,1.18,0.19
2,Exit Long,sell,2017-01-22 21:00,907.10,0.446315,6.48,1.63,5.59,6.54,21.61,5.43,2.98,0.75
2,Entry Long,buy,2017-01-19 09:00,890.79,0.446315,6.48,1.63,5.59,6.54,21.61,5.43,2.98,0.75
1,Exit Short,exit_short,2017-01-17 09:00,833.50,0.037809,-0.89,-2.90,-0.89,-0.89,2.27,7.38,1.20,3.91
1,Entry Short,enter_short,2017-01-12 00:00,811.60,0.037809,-0.89,-2.90,-0.89,-0.89,2.27,7.38,1.20,3.91